"Name","Loop","FollowParent","ShakeScreen","Time","RenderableScale","Sound","Type","FileName","ExportName","ParticleEmitterName","Effect","Layer","Scale","TextInstanceName","TextParentInstanceName","EnemyVersion","FlashWidth","KillLoopingSoundsOnEnd","OutputEvent","ParentLookAtOffsetRadius","Shadow"
"string","boolean","boolean","int","int","int","string","string","string","string","string","string","string","int","string","string","string","int","boolean","string","int","boolean"
"upgradeCard_start",,,,,,"sound_upgradeCard_start","SWF",,,,,"Above",,,,,,,,,
,,,,,,,"ParticleEmitter",,,"ArcherTower_particle1",,"Above",,,,,,,,,
"upgradeCard_ready",,,,,,"sound_upgradeCard_ready","SWF",,,,,"Above",,,,,,,,,
,,,,,,,"ParticleEmitter",,,"Card_upgraded_effect1",,"Above",,,,,,,,,
,,,,,,,"ParticleEmitter",,,"Card_upgrade_effect2",,"Above",,,,,,,,,
,,,,3200,,,"ParticleEmitter",,,"Card_upgrade_effect2",,"Above",,,,,,,,,
,,,,6400,,,"ParticleEmitter",,,"Card_upgrade_effect2",,"Above",,,,,,,,,
,,,,9600,,,"ParticleEmitter",,,"Card_upgrade_effect2",,"Above",,,,,,,,,
,,,,,,,"ParticleEmitter",,,"Card_upgrade_effect3",,"Above",,,,,,,,,
"upgradeCard_stat_appear",,,,,,"sound_upgradeCard_stat_appear","SWF",,,,,"Above",,,,,,,,,
"upgradeCard_stat_change",,,,,,"sound_upgradeCard_stat_change","SWF",,,,,"Above",,,,,,,,,
"openChest_wood",,,,,,"sound_openChest_wood","SWF",,,,,"Above",,,,,,,,,
"openChest_iron",,,,,,"sound_openChest_iron","SWF",,,,,"Above",,,,,,,,,
"openChest_gold",,,,,,"sound_openChest_gold","SWF",,,,,"Above",,,,,,,,,
"openChest_magical",,,,,,"sound_openChest_magical","SWF",,,,,"Above",,,,,,,,,
"openChest_star",,,,,,"sound_openChest_star","SWF",,,,,"Above",,,,,,,,,
"openChest_draft",,,,,,"sound_openChest_champion","SWF",,,,,"Above",,,,,,,,,
"openChest_get_gold",,,,,,"sound_openChest_get_gold","SWF",,,,,"Above",,,,,,,,,
,,,,,,,"ParticleEmitter",,,"openChest_common_effect_smoke",,"Base",,,,,,,,,
"openChest_get_gem",,,,,,"sound_openChest_get_gem","SWF",,,,,"Above",,,,,,,,,
,,,,,,,"ParticleEmitter",,,"openChest_common_effect_smoke",,"Base",,,,,,,,,
"openChest_get_common",,,,,,"sound_openChest_get_common","SWF",,,,,"Above",,,,,,,,,
,,,,,,,"ParticleEmitter",,,"openChest_common_effect_smoke",,"Base",,,,,,,,,
"openChest_get_rare",,,,,,"sound_openChest_get_rare","SWF",,,,,"Above",,,,,,,,,
,,,,,,,"ParticleEmitter",,,"openChest_get_rare",,"Object",,,,,,,,,
,,,,,,,"ParticleEmitter",,,"openChest_common_effect_smoke",,"Base",,,,,,,,,
"openChest_get_epic",,,,,,"sound_openChest_get_epic","SWF",,,,,"Above",,,,,,,,,
,,,,,,,"ParticleEmitter",,,"openChest_epic_stars2",,"Above",,,,,,,,,
"openChest_loop_gold",,,,,,"sound_openChest_loop_gold","SWF",,,,,"Above",,,,,,,,,
"openChest_loop_gem",,,,,,"sound_openChest_loop_gem","SWF",,,,,"Above",,,,,,,,,
"openChest_loop_common",,,,,,"sound_openChest_loop_common","SWF",,,,,"Above",,,,,,,,,
"openChest_loop_rare","true",,,,,"sound_openChest_loop_rare","SWF",,,,,"Above",,,,,,,,,
,,,,,,,"ParticleEmitter",,,"BlueSparksEmitter",,"Base",,,,,,,,,
"openChest_loop_epic","true",,,,,"sound_openChest_loop_epic","SWF",,,,,"Above",,,,,,,,,
,,,,,,,"ParticleEmitter",,,"openChest_epic_loop1",,"Object",,,,,,,,,
"musketeer_deploy",,,,,,"sound_musketeer_deploy","SWF",,,,,"Object",100,,,,,,,,
,,,,,,"sound_musketeer_deploy_end","SWF",,,,,"Object",,,,,,,,,
,,,,,,,"Effect",,,,"Deploy_ground_fX_mediumSize","Base",,,,,,,,,
"musketeer_steps",,,,,,"sound_musketeer_steps","SWF",,,,,"Ground",100,,,,,,,,
"musketeer_attack",,,,,,"sound_musketeer_attack","SWF",,,,,"Object",100,,,,,,,,
"musketeer_attack_start",,,,,,"sound_musketeer_attack_start","SWF",,,,,"Object",100,,,,,,,,
"musketeer_hit",,,,,,"sound_musketeer_hit","SWF",,,,,"Object",100,,,,,,,,
"musketeer_die",,,,,,"sound_musketeer_die","Effect","sc/effects.sc","RoundExplosion","Death_sparkle_still1","Death_player","Object",100,,,,,,,,
"goblin_barrel_explosion",,,,,,"sound_goblin_barrel_explosion","ParticleEmitter",,,"TargetDummy_planks",,"Above",,,,,,,,,
,,,,,,,"ParticleEmitter",,,"BlueSparkEmitter",,"Object",,,,,,,,,
,,,,,,,"ParticleEmitter",,,"catapult_rock_Emitter",,"Object",,,,,,,,,
,,,,,,,"ParticleEmitter",,,"TargetDummy_planks2",,"Above",,,,,,,,,
,,,,,,,"ParticleEmitter",,,"knight_deploy_dustPuff2",,"Base",,,,,,,,,
"goblin_barrel_spawn",,,,,,"sound_goblin_barrel_spawn","SWF",,,,,"Object",,,,,,,,,
"knight_deploy",,,,,,"sound_knight_deploy","SWF",,,,,"Object",100,,,,,,,,
,,,,,,"sound_knight_deploy_end","SWF",,,,,"Object",,,,,,,,,
,,,,,,,"Effect",,,"knight_deploy_dustPuff2","Deploy_ground_fX_mediumSize","Object",,,,,,,,,
,,,,,,,,,,,,,60,,,,,,,,
,,,,,,,,,,,,,60,,,,,,,,
,,,,,,,,,,,,,60,,,,,,,,
"knight_steps",,,,,,"sound_knight_steps","ParticleEmitter",,,"knight_speps_dust1",,"Ground",100,,,,,,,,
"knight_attack_start",,,,,,"sound_knight_attack_start","Effect",,,,,"Object",100,,,,,,,,
"knight_hit",,,,,,"sound_knight_hit","SWF",,,,,"Object",100,,,,,,,,
"knight_die",,,,,,"sound_knight_die","Effect","sc/effects.sc","RoundExplosion","Death_sparkle_still1","Death_player","Object",100,,,,,,,,
,,,,,,,"ParticleEmitter",,,"knight_deploy_dustPuff1",,"Object",100,,,,,,,,
,,,,,,,"ParticleEmitter",,,"knight_die_particle_sword",,"Object",100,,,,,,,,
,,,,,,,,,,,,,100,,,,,,,,
"spear_goblin_deploy",,,,,,"sound_spear_goblin_deploy","SWF",,,,,"Object",100,,,,,,,,
"spear_goblin_steps",,,,,,"sound_spear_goblin_steps","SWF",,,,,"Ground",100,,,,,,,,
"spear_goblin_attack_start",,,,,,"sound_spear_goblin_attack_start","SWF",,,,,"Object",100,,,,,,,,
"spear_goblin_attack",,,,,,"sound_spear_goblin_attack","SWF",,,,,"Object",100,,,,,,,,
"spear_goblin_die",,,,,,,"Effect","sc/effects.sc","RoundExplosion","Death_sparkle_still1","Death_player","Object",100,,,,,,,,
,,,,,,"sound_spear_goblin_die","SWF",,,,,"Object",,,,,,,,,
"spear_goblin_projectile_hit",,,,,,"sound_spear_goblin_projectile_hit","SWF",,,,,"Object",,,,,,,,,
"barbarian_deploy",,,,,,"sound_barbarian_deploy","SWF",,,,,"Object",100,,,,,,,,
,,,,,,,"Effect",,,,"Deploy_ground_fX_mediumSize","Base",,,,,,,,,
"angry_barbarian_deploy",,,,,,"sound_barbarian_deploy","SWF",,,,,"Object",100,,,,,,,,
,,,,,,"sound_angry_barbarian_deploy","SWF",,,,,"Object",100,,,,,,,,
,,,,,,,"Effect",,,,"Deploy_ground_fX_mediumSize","Base",,,,,,,,,
"barbarian_steps",,,,,,"sound_barbarian_steps","SWF",,,,,"Ground",100,,,,,,,,
"angry_barbarian_steps",,,,,,"sound_angry_barbarian_steps","SWF",,,,,"Ground",100,,,,,,,,
"barbarian_attack_start",,,,,,"sound_barbarian_attack_start","SWF",,,,,"Object",100,,,,,,,,
"angry_barbarian_attack_start",,,,,,"sound_angry_barbarian_attack_start","SWF",,,,,"Object",100,,,,,,,,
"barbarian_hit",,,,,,"sound_barbarian_hit","SWF",,,,,"Object",100,,,,,,,,
"barbarian_die",,,,,,,"Effect","sc/effects.sc","RoundExplosion","Death_sparkle_still1","Death_player","Object",100,,,,,,,,
,,,,,,"sound_barbarian_die","SWF",,,,,"Object",,,,,,,,,
"ragebarbarian_deploy",,,,,,"sound_ragebarbarian_deploy","SWF",,,,,"Object",100,,,,,,,,
,,,,,,,"Effect",,,,"Deploy_ground_fX_mediumSize","Base",,,,,,,,,
,,,,,,"sound_ragebarbarian_deploy_sfx","SWF",,,,,"Object",100,,,,,,,,
"ragebarbarian_attack_start",,,,,,"sound_ragebarbarian_attack_start_vo","SWF",,,,,"Object",100,,,,,,,,
,,,,,,"sound_ragebarbarian_attack_start","SWF",,,,,"Object",100,,,,,,,,
"ragebarbarian_hit",,,,,,"sound_ragebarbarian_attack_hit","SWF",,,,,"Object",100,,,,,,,,
"ragebarbarian_steps",,,,,,"sound_ragebarbarian_steps","SWF",,,,,"Ground",100,,,,,,,,
"executioner_deploy",,,,,,"sound_executioner_deploy","SWF",,,,,"Object",100,,,,,,,,
,,,,,,,"Effect",,,,"Deploy_ground_fX_mediumSize","Base",,,,,,,,,
"executioner_steps",,,,,,"sound_executioner_steps","SWF",,,,,"Ground",100,,,,,,,,
"executioner_attack_start",,,,,,"sound_executioner_attack","SWF",,,,,"Object",100,,,,,,,,
"goblins_deploy",,,,,,"sound_goblins_deploy","SWF",,,,,"Object",100,,,,,,,,
"goblins_steps","true",,,,,"sound_goblins_steps","SWF",,,,,"Ground",100,,,,,,,,
"goblins_attack_start","true",,,,,"sound_goblins_attack_start","SWF",,,,,"Object",100,,,,,,,,
"goblins_hit",,,,,,"sound_goblins_hit","SWF",,,,,"Object",100,,,,,,,,
"goblins_die",,,,,,,"Effect","sc/effects.sc","RoundExplosion","Death_sparkle_still1","Death_player","Object",100,,,,,,,,
,,,,,,"sound_goblins_die","SWF",,,,,"Object",,,,,,,,,
"giant_skeleton_deploy",,,,,,"sound_giant_skeleton_deploy","SWF",,,"giant_deploy_dustPuff",,"Object",100,,,"giant_skeleton_deploy_enemy",,,,,
,,,,,,"sound_giant_deploy_vo","SWF",,,,,"Object",100,,,,,,,,
,,,,,,,"Effect",,,,"Deploy_ground_fx_largeSize","Base",,,,,,,,,
"giant_skeleton_deploy_enemy",,,,,,"sound_giant_skeleton_deploy","SWF",,,"giant_deploy_dustPuff",,"Object",100,,,,,,,,
,,,,,,,"Effect",,,,"Deploy_ground_fx_largeSize","Base",,,,,,,,,
,,,,,,"sound_giant_deploy_vo","SWF",,,,,"Base",,,,,,,,,
"giant_skeleton_steps",,,,,,"sound_giant_skeleton_steps","SWF",,,,,"Ground",100,,,,,,,,
"giant_skeleton_attack_start",,,,,,"sound_giant_skeleton_attack_start","SWF",,,,,"Object",100,,,,,,,,
"giant_skeleton_hit",,,,,,"sound_giant_skeleton_hit","SWF",,,,,"Object",100,,,,,,,,
,,,,,,,"ParticleEmitter",,,"giant_hit_sparks",,"Above",,,,,,,,,
,,,,25,,,"ParticleEmitter",,,"giant_hit_puff1",,"Object",,,,,,,,,
,,,,,,,"ParticleEmitter","sc/effects.sc","giant_hit_blow","giant_hitpuff2",,"Object",,,,,,,,,
"giant_skeleton_die",,,,,,"sound_giant_skeleton_die","Effect","sc/effects.sc","RoundExplosion","Death_sparkle_still1","death_giant1","Object",100,,,"giant_die_enemy",,,,,
"royal_giant_deploy",,,,,,"sound_royal_giant_deploy","SWF",,,"giant_deploy_dustPuff",,"Object",100,,,"royal_giant_deploy_enemy",,,,,
,,,,,,,"Effect",,,,"Deploy_ground_fx_largeSize","Base",,,,,,,,,
"royal_giant_deploy_enemy",,,,,,"sound_royal_giant_deploy_enemy","SWF",,,"giant_deploy_dustPuff",,"Object",100,,,,,,,,
,,,,,,,"Effect",,,,"Deploy_ground_fx_largeSize","Base",,,,,,,,,
"royal_giant_steps",,,,,,"sound_royal_giant_steps","SWF",,,,,"Ground",100,,,,,,,,
"royal_giant_attack_start",,,,,,"sound_royal_giant_attack_start","SWF",,,,,"Object",100,,,,,,,,
"royal_giant_projectile_fx",,,,,,"sound_royal_giant_projectile_fx","SWF",,,,,"Object",100,,,,,,,,
,,,,,,,"ParticleEmitter","sc/effects.sc","giant_hit_blow","cannon_firePareticles",,"Object",,,,,,,,,
,,,,,,,"ParticleEmitter","sc/effects.sc","giant_hit_blow","cannon_glow",,"Object",,,,,,,,,
,,,,,,,"ParticleEmitter","sc/effects.sc","giant_hit_blow","cannon_glow_top",,"Object",,,,,,,,,
,,,,,,,"ParticleEmitter","sc/effects.sc","giant_hit_blow","cannon_smoke1",,"Object",,,,,,,,,
"royal_giant_projectile_hit",,"true",,,,"sound_royal_giant_projectile_hit","ParticleEmitter",,,"cannon_hit_rock_emiter",,"Object",100,,,,,,,,
,,,,,,,"ParticleEmitter",,,"cannon_hit_smokePuff",,"Object",60,,,,,,,,
"royal_giant_die",,,,,,"sound_royal_giant_die","Effect","sc/effects.sc","RoundExplosion","Death_sparkle_still1","death_giant1","Object",100,,,"royal_giant_die_enemy",,,,,
"royal_giant_die_enemy",,,,,,"sound_royal_giant_die_enemy","Effect","sc/effects.sc","RoundExplosion","Death_sparkle_still1","death_giant1","Object",100,,,,,,,,
"giant_deploy",,,,,,"sound_giant_deploy","SWF",,,"giant_deploy_dustPuff",,"Object",100,,,"giant_deploy_enemy",,,,,
,,,,,,,"Effect",,,,"Deploy_ground_fx_largeSize","Base",,,,,,,,,
"giant_deploy_enemy",,,,,,"sound_giant_deploy","SWF",,,"giant_deploy_dustPuff",,"Object",100,,,,,,,,
,,,,,,,"Effect",,,,"Deploy_ground_fx_largeSize","Base",,,,,,,,,
"giant_steps",,,,,,"sound_giant_steps","SWF",,,,,"Ground",100,,,,,,,,
"giant_attack_start",,,,,,"sound_giant_attack_start","SWF",,,,,"Object",100,,,,,,,,
"giant_hit",,,,,,"sound_giant_hit","SWF",,,,,"Object",100,,,,,,,,
,,,,,,,"ParticleEmitter",,,"giant_hit_sparks",,"Above",,,,,,,,,
,,,,25,,,"ParticleEmitter",,,"giant_hit_puff1",,"Object",,,,,,,,,
,,,,,,,"ParticleEmitter","sc/effects.sc","giant_hit_blow","giant_hitpuff2",,"Object",,,,,,,,,
"giant_die",,,,,,"sound_giant_die","Effect","sc/effects.sc","RoundExplosion","Death_sparkle_still1","death_giant1","Object",100,,,"giant_die_enemy",,,,,
"giant_die_enemy",,,,,,"sound_giant_die","Effect","sc/effects.sc","RoundExplosion","Death_sparkle_still1","death_giant1","Object",100,,,,,,,,
"death_giant1",,,,,,"sound_generic_death","ParticleEmitter",,,"giant_death_elixir_burst1",,"Object",,,,,,,,,
,,,,,,,"ParticleEmitter","sc/effects.sc","BloodCloud","giant_death_puff1",,"Object",,,,,,,,,
,,,,,,,"ParticleEmitter","sc/effects.sc","BloodCloud","giant_death_puff1_shadow",,"Shadow",,,,,,,,,
,,,,,,,"ParticleEmitter","sc/effects.sc","BloodCloud","giant_death_elixir_ground1",,"Base",,,,,,,,,
"pekka_deploy",,,,,,"sound_pekka_deploy","SWF",,,,,"Object",100,,,"pekka_deploy_enemy",,,,,
,,,,,,"sound_pekka_deploy_end","SWF",,,,,"Object",,,,,,,,,
,,,,,,,"Effect",,,,"Deploy_ground_fx_largeSize","Base",,,,,,,,,
"pekka_deploy_enemy",,,,,,"sound_pekka_deploy","SWF",,,,,"Object",100,,,,,,,,
,,,,,,"sound_pekka_deploy_end","SWF",,,,,"Object",,,,,,,,,
"pekka_steps",,,,,,"sound_pekka_steps","SWF",,,,,"Ground",100,,,,,,,,
"pekka_attack_start",,,,,,"sound_pekka_attack_start","SWF",,,,,"Object",100,,,,,,,,
"pekka_hit",,,,,,"sound_pekka_hit","SWF",,,,,"Object",100,,,,,,,,
"pekka_die",,,,,,"sound_pekka_die","Effect","sc/effects.sc","RoundExplosion","Death_sparkle_still1","Death_player","Object",100,,,"pekka_die_enemy",,,,,
"pekka_die_enemy",,,,,,"sound_pekka_die","Effect","sc/effects.sc","RoundExplosion","Death_sparkle_still1","Death_player","Object",100,,,,,,,,
"baby_dragon_deploy",,,,,,"sound_baby_dragon_deploy","SWF",,,,,"Object",100,,,,,,,,
,,,,,,"sound_baby_dragon_deploy_end","SWF",,,,,"Object",,,,,,,,,
"baby_dragon_steps",,,,,,"sound_baby_dragon_steps","SWF",,,,,"Ground",100,,,,,,,,
"baby_dragon_attack_start",,,,,,"sound_baby_dragon_attack_start","SWF",,,,,"Object",100,,,,,,,,
"baby_dragon_die",,,,,,,"Effect","sc/effects.sc","RoundExplosion","Death_sparkle_still1","Death_player","Object",100,,,,,,,,
,,,,,,"sound_baby_dragon_die","SWF",,,,,"Object",,,,,,,,,
"minion_deploy",,,,,,"sound_minion_deploy","SWF",,,,,"Object",100,,,,,,,,
"minion_steps",,,,,,"sound_minion_steps","SWF",,,,,"Ground",100,,,,,,,,
"minion_attack_start",,,,,,"sound_minion_attack_start","SWF",,,,,"Object",100,,,,,,,,
"minion_attack",,,,,,"sound_minion_attack","SWF",,,,,"Object",100,,,,,,,,
"minion_die",,,,,,,"Effect","sc/effects.sc","RoundExplosion","Death_sparkle_still1","Death_player","Object",100,,,,,,,,
,,,,,,"sound_minion_die","SWF",,,,,"Object",,,,,,,,,
"mortar_attack",,,,,,"sound_mortar_attack","ParticleEmitter",,,"cannon_smoke1",,"Above",,,,,,,,,
"mortar_deploy",,,,,,"sound_mortar_deploy","SWF",,,,,"Object",100,,,,,,,,
"mortar_hit",,,350,,,"sound_mortar_hit","ParticleEmitter",,,"catapult_rock_Emitter",,"Object",60,,,,,,,,
,,,,,,,"ParticleEmitter",,,"catapult_hit_smoke",,"Object",60,,,,,,,,
,,,,,,,"ParticleEmitter",,,"catapult_smokePuff",,"Object",60,,,,,,,,
,,,,,,,"ParticleEmitter",,,"catapult_grass_emitter",,"Ground",,,,,,,,,
,,,,,,,"ParticleEmitter",,,"catapult_hit_shadow",,"Shadow",,,,,,,,,
"mortar_die",,,,150,,,"ParticleEmitter",,,"TowerExplode_sparks",,"Above",,,,,,,,,
,,,,,,"sound_mortar_die","SWF","sc/effects.sc",,,,"Above",,,,,,,,,
,,,,40,,,"ParticleEmitter",,,"towerExplode_Smoke",,"Above",,,,,,,,,
,,,,150,,,"ParticleEmitter",,,"TowerExplode_rockEmitter",,"Object",,,,,,,,,
,,,,200,,,"ParticleEmitter",,,"TowerExplode_smokePuff",,"Above",,,,,,,,,
"balloon_deploy",,,,,,"sound_balloon_deploy","SWF",,,,,"Above",,,,,,,,,
"balloon_steps",,,,,,"sound_balloon_steps","SWF",,,,,"Ground",100,,,,,,,,
"balloon_attack_start",,,,,,"sound_balloon_attack_start","SWF",,,,,"Above",,,,,,,,,
"balloon_hit",,,350,,,"sound_balloon_hit","ParticleEmitter",,,"catapult_rock_Emitter",,"Object",60,,,,,,,,
,,,,,,,"ParticleEmitter",,,"catapult_hit_smoke",,"Object",60,,,,,,,,
,,,,,,,"ParticleEmitter",,,"catapult_smokePuff",,"Object",60,,,,,,,,
,,,,,,,"ParticleEmitter",,,"catapult_grass_emitter",,"Ground",,,,,,,,,
,,,,,,,"ParticleEmitter",,,"catapult_hit_shadow",,"Shadow",,,,,,,,,
"balloon_die",,,,,,"sound_balloon_die","SWF","sc/effects.sc",,,,"Above",,,,,,,,,
,,,,,,,"ParticleEmitter",,,"balloon_die_puff",,"Object",,,,,,,,,
,,,,,,,"ParticleEmitter",,,"ballon_die_smoke",,"Above",,,,,,,,,
"goblin_hut_deploy",,,,250,,"sound_goblin_hut_deploy","ParticleEmitter",,,"towerExplode_Smoke",,"Ground",,,,,,,,,
,,,,250,,,"ParticleEmitter",,,"Rock Pieces Emitter",,"Ground",,,,,,,,,
"goblin_hut_die",,,,,,"sound_goblin_hut_die","ParticleEmitter",,,"Goblin_hut_woodExplosion",,"Object",,,,,,,,,
,,,,,,,"ParticleEmitter",,,"TargetDummy_planks2",,"Object",,,,,,,,,
,,,,,,,"ParticleEmitter",,,"TowerExplode_smokePuff",,"Base",,,,,,,,,
"witch_deploy",,,,,,"sound_witch_deploy","SWF",,,,,"Object",100,,,,,,,,
,,,,,,,"Effect",,,,"Deploy_ground_fX_mediumSize","Base",,,,,,,,,
"witch_steps",,,,,,"sound_witch_steps","SWF",,,,,"Ground",100,,,,,,,,
"witch_attack_start",,,,,,"sound_witch_attack_start","SWF",,,,,"Object",100,,,,,,,,
"witch_hit",,,,,,"sound_witch_hit","SWF",,,,,"Object",100,,,,,,,,
"witch_die",,,,,,,"Effect","sc/effects.sc","RoundExplosion","Death_sparkle_still1","Death_player","Object",100,,,,,,,,
,,,,,,"sound_witch_die","SWF",,,,,"Object",,,,,,,,,
"witch_deploy_skeleton",,,,,,"sound_witch_deploy_skeleton","SWF",,,,,"Object",100,,,,,,,,
"bomber_deploy",,,,,,"sound_bomber_deploy","SWF",,,,,"Object",100,,,,,,,,
,,,,,,"sound_bomber_deploy_end","SWF",,,,,"Object",,,,,,,,,
"bomber_steps","true",,,,,"sound_bomber_steps","SWF",,,,,"Ground",100,,,,,,,,
"bomber_attack","true",,,,,"sound_bomber_attack","SWF",,,,,"Object",100,,,,,,,,
"bomber_attack_start","true",,,,,"sound_bomber_attack_start","SWF",,,,,"Object",100,,,,,,,,
"bomber_die",,,,,,,"Effect","sc/effects.sc","RoundExplosion","Death_sparkle_still1","Death_player","Object",100,,,,,,,,
,,,,,,"sound_bomber_die","SWF",,,,,"Object",,,,,,,,,
"skeleton_deploy",,,,,,"sound_skeleton_deploy","SWF",,,,,"Object",100,,,,,,,,
"skeleton_steps","true",,,,,"sound_skeleton_steps","SWF",,,,,"Ground",100,,,,,,,,
"skeleton_attack_start","true",,,,,"sound_skeleton_attack_start","SWF",,,,,"Object",100,,,,,,,,
"skeleton_hit",,,,,,"sound_skeleton_hit","SWF",,,,,"Object",100,,,,,,,,
"skeleton_die",,,,,,,"Effect","sc/effects.sc","RoundExplosion","Death_sparkle_still1","bat_die","Object",100,,,,,,,,
,,,,,,"sound_skeleton_die","SWF",,,,,"Object",,,,,,,,,
"golem_deploy",,,,,,"sound_golem_deploy","SWF",,,,,"Object",100,,,"golem_deploy_enemy",,,,,
,,,,,,"sound_golem_deploy_end","SWF",,,,,"Object",100,,,,,,,,
"small_golem_deploy",,,,,,"sound_small_golem_deploy","SWF",,,,,"Object",100,,,,,,,,
"golem_deploy_enemy",,,,,,"sound_golem_deploy","SWF",,,,,"Object",100,,,"golem_deploy_enemy",,,,,
,,,,,,"sound_golem_deploy_end","SWF",,,,,"Object",100,,,,,,,,
"golem_steps",,,,,,"sound_golem_steps","SWF",,,,,"Ground",100,,,,,,,,
,,,,,,,"ParticleEmitter",,,"giant_hitpuff2",,"Base",,,,,,,,,
"golem_attack_start",,,,,,"sound_golem_attack_start","SWF",,,,,"Object",100,,,,,,,,
"small_golem_attack_start",,,,,,"sound_small_golem_attack_start","SWF",,,,,"Object",100,,,,,,,,
"golem_hit",,,,,,"sound_golem_hit","SWF",,,,,"Object",100,,,,,,,,
"small_golem_hit",,,,,,"sound_small_golem_hit","SWF",,,,,"Object",100,,,,,,,,
"golem_die",,,,200,,"sound_golem_die","ParticleEmitter",,,"towerExplode_Smoke",,"Object",100,,,"golem_die_enemy",,,,,
,,,,,,,"ParticleEmitter",,,"Small_rock_particle1",,"Object",,,,,,,,,
,,,,,,,"Effect",,,,"Death_player","Object",,,,,,,,,
"small_golem_die",,,,200,,"sound_small_golem_die","ParticleEmitter",,,"towerExplode_Smoke",,"Object",100,,,"golem_die_enemy",,,,,
,,,,,,,"ParticleEmitter",,,"Small_rock_particle1",,"Object",,,,,,,,,
,,,,,,,"Effect",,,,"Death_player","Object",,,,,,,,,
"golem_die_enemy",,,,200,,"sound_golem_die","ParticleEmitter",,,"towerExplode_Smoke",,"Object",100,,,,,,,,
,,,,,,,"ParticleEmitter",,,"Small_rock_particle1",,"Object",,,,,,,,,
,,,,,,,"Effect",,,,"Death_player","Object",,,,,,,,,
,,,,,,,"Effect","sc/effects.sc","RoundExplosion",,,"Object",,,,,,,,,
"valkyrie_deploy",,,,,,"sound_valkyrie_deploy","SWF",,,,,"Object",100,,,,,,,,
,,,,,,"sound_valkyrie_deploy_end","SWF",,,,,"Object",,,,,,,,,
,,,,,,,"Effect",,,,"Deploy_ground_fX_mediumSize","Base",,,,,,,,,
"valkyrie_steps",,,,,,"sound_valkyrie_steps","SWF",,,,,"Ground",100,,,,,,,,
"valkyrie_attack_start",,,,,,"sound_valkyrie_attack_start","SWF",,,,,"Object",100,,,,,,,,
"valkyrie_hit",,,,,,"sound_valkyrie_hit","SWF",,,,,"Object",100,,,,,,,,
"valkyrie_die",,,,,,,"Effect","sc/effects.sc","RoundExplosion","Death_sparkle_still1","Death_player","Object",100,,,,,,,,
,,,,,,"sound_valkyrie_die","SWF",,,,,"Object",,,,,,,,,
"replay_drag",,,,,,,"ParticleEmitter",,,"touch_sparkle1",,"Above",,,,"replay_drag_enemy",,,,,
"replay_drag_enemy",,,,,,,"ParticleEmitter",,,"touch_sparkle2",,"Above",,,,,,,,,
"dragon_attack_start",,,,,,"sound_dragon_attack_start","SWF",,,,,"Object",100,,,,,,,,
"dragon_hit",,,,,,"sound_dragon_projectile_hit","SWF",,,,,"Object",100,,,,,,,,
,,,,,,,"ParticleEmitter",,,"dragon_hit_sparks",,"Base",,,,,,,,,
,,,,,,,"ParticleEmitter",,,"dragon_fire_hit",,"Object",,,,,,,,,
,,,,,,,"ParticleEmitter",,,"dragon_hit_smoke",,"Object",,,,,,,,,
"Dragon_Emitter","true","true",,,,,"ParticleEmitter",,,"DragonEmitterTrail",,"Above",50,,,,,,,,
,,,,,,,"ParticleEmitter",,,"dragon_trail_glow",,"Object",,,,,,,,,
"tesla_deploy",,,,,,"sound_tesla_deploy","SWF",,,,,"Above",,,,,,,,,
"tesla_up",,,,,,"sound_tesla_up","SWF",,,,,"Above",,,,,,,,,
"tesla_down",,,,,,"sound_tesla_down","SWF",,,,,"Above",,,,,,,,,
"Tesla_beam",,,,,,"sound_tesla_attack","SWF","sc/effects.sc","tesla_beam",,,"Above",,,,,80,,,,
"tesla_hit_effect",,"true",,,,"sound_tesla_hit","ParticleEmitter",,,"tesla_hit_spark",,"Object",70,,,,,,,,
,,,,,,,"ParticleEmitter",,,"tesla_spot_hit",,"Ground",,,,,,,,,
,,,,,,,"ParticleEmitter",,,"tesla_smoke_hit",,"Above",,,,,,,,,
,,,,150,,,"ParticleEmitter",,,"tesla_electric_hit",,"Above",,,,,,,,,
"tesla_die",,,,,,,"Effect","sc/effects.sc","RoundExplosion","Death_sparkle_still1","Death_player","Object",,,,,,,,,
,,,,,,"Boulder impact","SWF",,,,,"Object",,,,,,,,,
"elixircollector_deploy",,,,,,"sound_elixircollector_deploy","SWF",,,,,"Above",,,,,,,,,
"elixircollector_die",,,,,,"sound_elixircollector_die","Effect","sc/effects.sc","RoundExplosion","Death_sparkle_still1","Death_player","Object",,,,,,,,,
,,,,,,"Boulder impact","SWF",,,,,"Object",,,,,,,,,
"chr_wizard_deploy",,,,,,"sound_chr_wizard_deploy","SWF",,,,,"Object",100,,,,,,,,
,,,,,,"sound_chr_wizard_deploy_end","SWF",,,,,"Object",100,,,,,,,,
,,,,,,,"Effect",,,,"Deploy_ground_fX_mediumSize","Base",,,,,,,,,
"chr_wizard_steps","true",,,,,"sound_chr_wizard_steps","SWF",,,,,"Ground",100,,,,,,,,
"chr_wizard_attack_start",,,,,,"sound_chr_wizard_attack_start","SWF",,,,,"Object",100,,,,,,,,
,,,,,,"sound_chr_wizard_attack_vo","SWF",,,,,"Object",100,,,,,,,,
"chr_wizard_projectile_hit",,,,,,"sound_chr_wizard_projectile_hit","ParticleEmitter",,,"chr_wiz_hit_sparks",,"Object",100,,,,,,,,
,,,,,,,"ParticleEmitter",,,"chr_wiz_hit_fire",,"Object",,,,,,,,,
,,,,,,,"ParticleEmitter",,,"chr_wiz_hit_smoke",,"Object",,,,,,,,,
"chr_wizard_hit",,,,,,"sound_chr_wizard_hit","SWF",,,,,"Object",100,,,,,,,,
"chr_wizard_die",,,,,,,"Effect","sc/effects.sc","RoundExplosion","Death_sparkle_still1","Death_player","Object",100,,,,,,,,
,,,,,,"sound_chr_wizard_die","SWF",,,,,"Object",,,,,,,,,
"mini_pekka_deploy",,,,,,"sound_minipekka_deploy","SWF",,,,,"Object",100,,,"mini_pekka_deploy_enemy",,,,,
,,,,,,"sound_minipekka_deploy_end","SWF",,,,,"Object",,,,,,,,,
,,,,,,,"Effect",,,,"Deploy_ground_fx_largeSize","Base",,,,,,,,,
"mini_pekka_deploy_enemy",,,,,,"sound_minipekka_deploy","SWF",,,,,"Object",100,,,,,,,,
,,,,,,"sound_minipekka_deploy_end","SWF",,,,,"Object",,,,,,,,,
,,,,,,,"Effect",,,,"Deploy_ground_fx_largeSize","Base",,,,,,,,,
"mini_pekka_steps",,,,,,"sound_minipekka_steps","SWF",,,,,"Ground",100,,,,,,,,
"mini_pekka_attack_start",,,,,,"sound_minipekka_attack_start","SWF",,,,,"Object",100,,,,,,,,
"mini_pekka_hit",,,,,,"sound_minipekka_hit","SWF",,,,,"Object",100,,,,,,,,
"mini_pekka_die",,,,,,"sound_minipekka_die","Effect","sc/effects.sc","RoundExplosion","Death_sparkle_still1","Death_player","Object",100,,,"pekka_die_enemy",,,,,
"hog_rider_deploy",,,,,,"sound_hog_rider_deploy","SWF",,,,,"Object",100,,,,,,,,
,,,,,,"sound_hog_rider_deploy_end","SWF",,,,,"Object",100,,,,,,,,
,,,,,,,"Effect",,,,"Deploy_ground_fX_mediumSize","Base",,,,,,,,,
"hog_rider_steps",,,,,,"sound_hog_rider_steps","SWF",,,,,"Ground",100,,,,,,,,
"hog_rider_attack_start",,,,,,"sound_hog_rider_attack_start","SWF",,,,,"Object",100,,,,,,,,
"hog_rider_hit",,,,,,"sound_hog_rider_hit","SWF",,,,,"Object",100,,,,,,,,
"hog_rider_die",,,,,,,"Effect","sc/effects.sc","RoundExplosion","Death_sparkle_still1","Death_player","Object",100,,,,,,,,
,,,,,,"sound_hog_rider_die","SWF",,,,,"Object",,,,,,,,,
"hog_rider_landing",,,,,,"sound_hog_rider_landing","SWF",,,,,"Object",,,,,,,,,
,,,,,,,"ParticleEmitter",,,"knight_deploy_dustPuff1",,"Ground",,,,,,,,,
,,,,,,,"ParticleEmitter",,,"knight_depoy_dustShadow",,"Shadow",60,,,,,,,,
,,,,,,,"ParticleEmitter",,,"knight_deploy_dustPuff2",,"Object",60,,,,,,,,
"tombstone_deploy",,,,250,,"sound_tombstone_deploy","ParticleEmitter",,,"towerExplode_Smoke",,"Ground",,,,,,,,,
,,,,250,,,"ParticleEmitter",,,"Rock Pieces Emitter",,"Ground",,,,,,,,,
"tombstone_die",,,,,,"sound_tombstone_die","ParticleEmitter",,,"Goblin_hut_woodExplosion",,"Object",,,,,,,,,
,,,,,,,"ParticleEmitter",,,"TargetDummy_planks2",,"Object",,,,,,,,,
,,,,,,,"ParticleEmitter",,,"TowerExplode_smokePuff",,"Base",,,,,,,,,
"GetMana",,,,,,"get mana","SWF","sc/effects.sc","get_mana",,,"Above",,"txt","resource",,,,,,
"Damage",,,,,,,"SWF","sc/effects.sc","effect_Hit1",,,"Object",100,,,,,,,,
"Immunity",,"true",,,,,"SWF","sc/effects.sc","immunity",,,"Above",100,,,,,,,,
"Vulnerability",,"true",,,,,"SWF","sc/effects.sc","vulnerability",,,"Above",100,,,,,,,,
"Healing",,"true",,,,"sound_heal_spell","ParticleEmitter",,,"heal_ground",,"Base",100,,,"Healing_enemy",,,,,
,,,,,,,"ParticleEmitter",,,"heal_ground_ring",,"Base",,,,,,,,,
,,,,,,,"ParticleEmitter",,,"heal_particle_lines",,"Object",,,,,,,,,
,,,,,,,"ParticleEmitter",,,"heal_effect_border_smoke",,"Base",,,,,,,,,
,,,,10,,,"ParticleEmitter",,,"heal_border_burst",,"Base",,,,,,,,,
,,,,,,,"ParticleEmitter",,,"heal_border_burst2",,"Base",,,,,,,,,
,,,,,,,"ParticleEmitter",,,"heal_cross",,"Object",,,,,,,,,
"CharacterDeploy","true",,,,,"CharacterDeploy","SWF",,,,,"Object",50,,,,,,,,
"Cast_RainOfArrows",,,,,,"Arrow fire","ParticleEmitter",,,,,"Above",,,,,,,,,
"ArrowHitGround",,,,,,"Arrow volley hit","ParticleEmitter",,,"Arrows Hit Ground",,"Ground",100,,,,,,,,
"ArrowHit",,,,,,"Arrow hit","SWF",,,,,"Ground",100,,,,,,,,
"TowerExplode",,,1000,50,,,"ParticleEmitter",,,"TargetDummy_planks",,"Object",,,,,,,,,
,,,,,,,"ParticleEmitter",,,"FireRingEmitter",,"Object",,,,,,,,,
,,,,250,,,"ParticleEmitter",,,"TargetDummy_smoke",,"Object",,,,,,,,,
,,,,,,,"ParticleEmitter",,,"TowerExplode_rockEmitter",,"Object",,,,,,,,,
,,,,,,,"ParticleEmitter",,,"Tower_destroyed_ground",,"Base",,,,,,,,,
,,,,,,,"ParticleEmitter",,,"Big_rock_particle1",,"Object",,,,,,,,,
,,,,,,,"ParticleEmitter",,,"TargetDummy_planks2",,"Object",,,,,,,,,
"CrowdTowerTakeDamage",,,,,,"sound_tower_take_damage","Effect",,,,,"Object",,,,"CrowdTowerTakeDamageEnemy",,,,,
"CrowdTowerTakeDamageEnemy",,,,,,"sound_tower_take_damage_enemy","Effect",,,,,"Object",,,,,,,,,
"CrowdSummonBigUnit",,,,,,"sound_summon_own_big","Effect",,,,,"Object",,,,"CrowdSummonBigUnitEnemy",,,,,
"CrowdSummonBigUnitEnemy",,,,,,"sound_summon_enemy_big","Effect",,,,,"Object",,,,,,,,,
"CrowdDieBigUnit",,,,,,"sound_summon_own_big_die","Effect",,,,,"Object",,,,"CrowdDieBigUnitEnemy",,,,,
"CrowdDieBigUnitEnemy",,,,,,"sound_summon_enemy_big_die","Effect",,,,,"Object",,,,,,,,,
"WizardProjectileHit",,,,,,"WizardProjectileHit","SWF",,,,,"Object",100,,,,,,,,
"XbowAttack",,,,,,"sound_xbow_fire_1","SWF",,,,,"Object",100,,,,,,,,
"ArcherTowerAttack",,,,,,"ArcherTower attack","SWF",,,,,"Object",100,,,,,,,,
"ArcherDeploy",,,,,,"Archer deploy","SWF",,,,,"Object",100,,,,,,,,
,,,,,,,"Effect",,,,"Deploy_ground_fX_mediumSize","Base",,,,,,,,,
"ArcherSteps",,,,,,"Archer steps","SWF",,,,,"Ground",100,,,,,,,,
"ArcherAttackStart",,,,,,"Archer attack start","SWF",,,,,"Object",100,,,,,,,,
"ArcherAttack",,,,,,"Archer attack","SWF",,,,,"Object",100,,,,,,,,
"ArcherDie",,,,,,,"Effect","sc/effects.sc","RoundExplosion","Death_sparkle_still1","Death_player","Object",100,,,,,,,,
,,,,,,"Archer die","SWF",,,,,"Object",,,,,,,,,
"PoisonSteam",,"true",,,,,"ParticleEmitter",,,"PoisonSteamer",,"Above",,,,,,,,,
"GoodTarget",,"true",,,,,"Filter","sc/effects.sc","filter_target",,,"Base",100,,,,,,,,
"RangeDanger",,"true",,,,,"Filter","sc/effects.sc","filter_enemy",,,"Base",100,,,,,,,,
,,,,,,"Enemy on range","SWF","sc/effects.sc","spot_enemy",,,"Above",,,,,,,,,
"DragEffect","true",,,,,,"ParticleEmitter",,,"DragSparkEmitter",,"Base",,,,,,,,,
"SpellCasting",,,,,,"SpellCasting","ParticleEmitter",,,"HotCoals_sparks",,"Object",,,,,,,,,
"Fireball_explosion",,,800,100,,,"ParticleEmitter",,,"explosion_base",,"Ground",85,,,,,,"BlueFireball",,
,,,,,,"Fire ball explo","ParticleEmitter",,,"Fireball_explosion_smoke",,"Object",,,,,,,"RedFireball",,
,,,,,,,"ParticleEmitter","sc/effects.sc","explosion_glow1","Fireball_explosion_glow",,"Object",,,,,,,,,
,,,,,,,"ParticleEmitter","sc/effects.sc","explosion_glow1","Fireball_explosion_sparks",,"Object",,,,,,,,,
,,,,,,,"ParticleEmitter","sc/effects.sc","darken_gradient","explosion_lava",,"Base",,,,,,,,,
,,,,10,,,"ParticleEmitter",,,"explosion_gradients",,"Base",,,,,,,,,
,,,,,,,"ParticleEmitter",,,"explosion_shadow",,"Shadow",,,,,,,,,
,,,,,,,"ParticleEmitter",,,"explosion_fire",,"Object",,,,,,,,,
,,,,300,,,"ParticleEmitter",,,"explosion_continousFire",,"Base",,,,,,,,,
,,,,,,,"ParticleEmitter",,,"explosion_glow",,"Above",,,,,,,,,
"Death_player",,,,,,"sound_generic_death","ParticleEmitter",,,"Death_elixir_burst1",,"Object",,,,,,,,,
,,,,,,,"ParticleEmitter","sc/effects.sc","BloodCloud","Death_enemy_puff",,"Object",,,,,,,,,
,,,,,,,"ParticleEmitter","sc/effects.sc","BloodCloud","Death_blue_smoke_shadow",,"Shadow",,,,,,,,,
,,,,,,,"ParticleEmitter","sc/effects.sc","BloodCloud","Death_elixir_ground1",,"Base",,,,,,,,,
"cannon_fire_projectile",,,,,,"Cannon Fire","ParticleEmitter",,,"cannon_glow_top",,"Above",1,,,,,,,,
,,,,,,,"ParticleEmitter",,,"cannon_smoke1",,"Above",,,,,,,,,
,,,,,,,"ParticleEmitter",,,"cannon_firePareticles",,"Object",,,,,,,,,
,,,,,,,"ParticleEmitter",,,"cannon_glow",,"Object",,,,,,,,,
,,,,,,,"ParticleEmitter",,,"cannon_smoke_shadow",,"Shadow",,,,,,,,,
"cannon_hit",,"true",,,,,"ParticleEmitter",,,"cannon_hit_rock_emiter",,"Object",100,,,,,,,,
,,,,,,,"ParticleEmitter",,,"cannon_hit_smokePuff",,"Object",60,,,,,,,,
,,,,,,,,,,,,,60,,,,,,,,
"Cannon_deploy",,,,,,"Cannon Deploy","SWF",,,,,"Above",,,,,,,,,
"Xbow_deploy",,,,,,"sound_xbow_deploy","SWF",,,,,"Above",,,,,,,,,
"Cannon_die",,,,,,,"Effect","sc/effects.sc","RoundExplosion","Death_sparkle_still1","Death_player","Object",,,,,,,,,
,,,,,,"Boulder impact","SWF",,,,,"Object",,,,,,,,,
"Character_marker_player",,,,,,,"SWF",,,,,"Base",,,,"Character_marker_enemy",,,,,
"Character_marker_enemy",,,,,,,"SWF",,,,,"Base",,,,,,,,,
"FireballEmitter","true","true",,,,,"ParticleEmitter",,,"FireballEmitterTrail",,"Object",50,,,,,,,,
,,,,,,,"ParticleEmitter",,,"fireball_trial_spark",,"Above",,,,,,,,,
,,,,,,,"ParticleEmitter",,,"fireball_trail_glow",,"Above",,,,,,,,,
"Spell_rage_ground",,,,,,,"SWF","sc/effects.sc","rage_effect_ground",,,"Base",,,,"Spell_rage_ground_red",,,,,
,,,,,,,"SWF","sc/effects.sc","spell_rage_radius_blue","rage_spell_radius_blue",,"Base",,,,,,,,,
"Spell_rage_effect",,,,,,"sound_rage_effect","ParticleEmitter",,,"Spell_rage_smoke1",,"Object",,,,,,,,,
,,,,,,,"ParticleEmitter",,,"Spell_rage_smoke2",,"Object",,,,,,,,,
,,,,,,,"ParticleEmitter",,,"Spell_rage_glowFast",,"Above",,,,,,,,,
,,,,,,,"ParticleEmitter",,,"Spell_rage_sparckle1",,"Object",,,,,,,,,
"Spell_rage_hit_effect","true","true",,,,,,,,,,,,,,,,,,,
"Spell_rage_loop","true",,,,,,"ParticleEmitter",,,"Spell_rage_sparkle1_loop",,"Object",,,,,,,,,
"EnemyGenericDie",,,,,,"sound_enemy_die_jingle","Effect",,,,,"Object",,,,,,,,,
"GenericDie",,,,,,"sound_own_die_jingle","Effect",,,,,"Object",,,,"EnemyGenericDie",,,,,
"inferno_tower_deploy",,,,250,,"sound_place_inferno_tower","ParticleEmitter",,,"towerExplode_Smoke",,"Ground",,,,,,,,,
"inferno_beam_lvl1","true",,,,,"inferno_loop","SWF","sc/effects.sc","inferno_beam",,,"Above",,,,,170,,,,
"inferno_beam_lvl2","true",,,,,"inferno_loop","SWF","sc/effects.sc","inferno_beam_stage2",,,"Above",,,,,170,,,,
"inferno_beam_lvl3","true",,,,,"inferno_loop","SWF","sc/effects.sc","inferno_beam_stage3",,,"Above",,,,,170,,,,
"inferno_hit_effect",,"true",,,,,"ParticleEmitter",,,"inferno_hit_sparks",,"Object",70,,,,,,,,
,,,,,,,"SWF","sc/effects.sc","inferno_hit_lines",,,"Object",,,,,,,,,
,,,,,,,"Effect","sc/effects.sc","inferno_hit",,"inferno_dragon_firehit","Object",,,,,,,,,
"inferno_muzzle",,,,,,,"SWF","sc/effects.sc","inferno_shoot",,,"Above",,,,,-1,,,,
"inferno_stage2_root","true",,,,,,"SWF","sc/effects.sc","inferno_stage2_root",,,"Object",,,,,,,,,
,,,,,,,"ParticleEmitter",,,"inferno_stage2_sparks",,"Base",,,,,,,,,
"inferno_stage3_root","true",,,,,,"SWF","sc/effects.sc","inferno_stage3_root",,,"Object",,,,,,,,,
,,,,,,,"ParticleEmitter",,,"inferno_stage3_sparks",,"Base",,,,,,,,,
"inferno_muzzle_stage2","true",,,,,,"SWF","sc/effects.sc","inferno_shoot_st2",,,"Above",,,,,-1,,,,
,,,,,,,"ParticleEmitter",,,"inferno_stage2_peak_flame",,"Above",,,,,,,,,
"inferno_muzzle_stage3","true",,,,,,"SWF","sc/effects.sc","inferno_shoot_st3",,,"Above",,,,,-1,,,,
,,,,,,,"ParticleEmitter",,,"inferno_stage3_peak_flame",,"Above",,,,,,,,,
"BombTower_die",,,400,50,,"sound_bomb_tower_die","ParticleEmitter",,,"TargetDummy_planks",,"Object",,,,,,,,,
,,,,,,,"ParticleEmitter",,,"FireRingEmitter",,"Object",,,,,,,,,
,,,,250,,,"ParticleEmitter",,,"TargetDummy_smoke",,"Object",,,,,,,,,
,,,,,,,"ParticleEmitter",,,"TargetDummy_planks2",,"Object",,,,,,,,,
"BombTower_projectile_hit",,,,,,"sound_BombTower_projectile_hit","ParticleEmitter",,,"FireRingEmitter",,"Object",,,,,,,,,
,,,,,,,"ParticleEmitter",,,"BlueSparkEmitter",,"Object",,,,,,,,,
,,,,,,,"ParticleEmitter",,,"cannon_glow",,"Above",,,,,,,,,
,,,,,,,"ParticleEmitter",,,"BombTower_hit_flame",,"Object",,,,,,,,,
,,,,,,,"ParticleEmitter",,,"HitEffectParticles",,"Object",,,,,,,,,
"BombTower_attack","true",,,,,"sound_bomber_attack","SWF",,,,,"Object",100,,,,,,,,
"BombTower_attack_start","true",,,,,"sound_bomber_attack_start","SWF",,,,,"Object",100,,,,,,,,
"Rocket_Emitter","true","true",,,,,"ParticleEmitter",,,"Rocket_Emitter_Smoketrail",,"Object",50,,,,,,,,
,,,,,,,"ParticleEmitter",,,"Rocket_Emitter_Sparks",,"Above",,,,,,,,,
,,,,,,,"ParticleEmitter",,,"Rocket_Emitter_Glow",,"Above",,,,,,,,,
,,,,800,,,"ParticleEmitter",,,"Rocket_Emitter_Smoketrail",,"Object",,,,,,,,,
"Rocket_explosion",,,1500,,,"sound_rocket_explosion","ParticleEmitter",,,"Fireball_explosion_smoke",,"Object",100,,,,,,"BlueRocket",,
,,,,,,,"ParticleEmitter","sc/effects.sc","explosion_glow1","Fireball_explosion_glow",,"Object",,,,,,,"RedRocket",,
,,,,,,,"ParticleEmitter","sc/effects.sc","explosion_glow1","Fireball_explosion_sparks",,"Object",,,,,,,,,
,,,,10,,,"ParticleEmitter",,,"explosion_gradients",,"Base",,,,,,,,,
,,,,,,,"ParticleEmitter",,,"explosion_shadow",,"Shadow",,,,,,,,,
,,,,,,,"ParticleEmitter",,,"explosion_fire",,"Object",,,,,,,,,
,,,,300,,,"ParticleEmitter",,,"explosion_continousFire",,"Base",,,,,,,,,
,,,,,,,"ParticleEmitter",,,"explosion_glow",,"Above",,,,,,,,,
"Spell_freeze_loop","true",,,,,,"ParticleEmitter",,,"freeze_snow1",,"Object",,,,,,,,,
"Spell_freeze_ground",,,,,,,"SWF","sc/effects.sc","freeze_effect_ground",,,"Base",,,,"Spell_freeze_ground_red",,,,,
,,,,,,,"ParticleEmitter",,,"freeze_snowPiles1",,"Ground",,,,,,,,,
,,,,,,,"ParticleEmitter",,,"freeze_snow_scatter1",,"Ground",,,,,,,,,
,,,,,,,"SWF","sc/effects.sc","spell_freeze_radius_blue",,,"Base",,,,,,,,,
"Spell_freeze_cast",,,,,,"sound_freeze_deploy","Effect",,,,,"Above",,,,,,,,,
"level_up_hud",,,,,,,"ParticleEmitter",,,"Get_xp_sparkle",,"Above",,,,,,,,,
"Spell_lightning_effect",,,1000,200,,"sound_lightning_1","ParticleEmitter",,,"Spell_ligntning_smoke1",,"Object",,,,,,,"BlueLighning",,
,,,,200,,,"ParticleEmitter",,,"Spell_lightning_hitSpot",,"Ground",,,,,,,"RedLightning",,
,,,,200,,,"ParticleEmitter",,,"Spell_lightning_hitSpot2",,"Above",,,,,,,,,
,,,,100,,,"ParticleEmitter",,,"Spell_lightning_bolt",,"Above",,,,,,,,,
,,,,50,,,"ParticleEmitter",,,"Spell_lightning_sparks",,"Object",,,,,,,,,
,,,,50,,,"ParticleEmitter",,,"Spell_lightning_Flash",,"Ground",,,,,,,,,
,,,,50,,,"ParticleEmitter",,,"Spell_lightning_Rock_debris",,"Base",,,,,,,,,
,,,,100,,,"ParticleEmitter",,,"Spell_lightning_Rock_debris2",,"Base",,,,,,,,,
,,,,300,,,"ParticleEmitter",,,"Spell_lightning_electric",,"Base",,,,,,,,,
"Spell_zap_effect",,,250,150,,"sound_spell_zap","ParticleEmitter",,,"Spell_zap_smoke1",,"Object",,,,,,,,,
,,,,200,,,"ParticleEmitter",,,"Spell_zap_hitSpot",,"Ground",,,,,,,,,
,,,,200,,,"ParticleEmitter",,,"Spell_zap_hitSpot2",,"Ground",,,,,,,,,
,,,,100,,,"ParticleEmitter",,,"Spell_zap_bolt",,"Above",,,,,,,,,
,,,,50,,,"ParticleEmitter",,,"Spell_zap_sparks",,"Object",,,,,,,,,
,,,,50,,,"ParticleEmitter",,,"Spell_zap_Flash",,"Ground",,,,,,,,,
,,,,,,,"ParticleEmitter",,,"Zap_hit_area",,"Base",,,,,,,,,
,,,,,,,"Filter","sc/effects.sc","filter_target",,,"Base",,,,,,,,,
"MegaBombExplodeSkeleton",,,1000,,,"sound_GiantSkeleton_bomb_die","ParticleEmitter",,,"MagaBomb_FireRing",,"Object",,,,,,,,,
,,,,100,,,"ParticleEmitter",,,"MegaBomb_explode_smoke",,"Above",,,,,,,,,
,,,,,,,"ParticleEmitter",,,"MegaBomb_explode_debris",,"Ground",,,,,,,,,
,,,,100,,,"ParticleEmitter",,,"MegaBomb_destroyed_ground",,"Ground",,,,,,,,,
,,,,,,,"ParticleEmitter",,,"MegaBomb_explode_debris2",,"Ground",,,,,,,,,
,,,,,,,"ParticleEmitter",,,"MegaBomb_explosion_glow",,"Object",,,,,,,,,
"MegaBombExplodeBalloon",,,1000,,,"sound_Balloon_Bomb_die","ParticleEmitter",,,"MagaBomb_FireRing",,"Object",,,,,,,,,
,,,,100,,,"ParticleEmitter",,,"MegaBomb_explode_smoke",,"Above",,,,,,,,,
,,,,,,,"ParticleEmitter",,,"MegaBomb_explode_debris",,"Ground",,,,,,,,,
,,,,100,,,"ParticleEmitter",,,"MegaBomb_destroyed_ground",,"Ground",,,,,,,,,
,,,,,,,"ParticleEmitter",,,"MegaBomb_explode_debris2",,"Ground",,,,,,,,,
,,,,,,,"ParticleEmitter",,,"MegaBomb_explosion_glow",,"Object",,,,,,,,,
"prince_deploy",,,,,,"sound_prince_deploy","SWF",,,,,"Object",100,,,,,,,,
,,,,,,"sound_prince_deploy_end","SWF",,,,,"Object",,,,,,,,,
,,,,,,,"Effect",,,,"Deploy_ground_fX_mediumSize","Base",,,,,,,,,
,,,,,,,,,,,,,60,,,,,,,,
,,,,,,,,,,,,,60,,,,,,,,
,,,,,,,,,,,,,60,,,,,,,,
"prince_steps",,,,,,"sound_prince_steps","ParticleEmitter",,,"knight_speps_dust1",,"Ground",100,,,,,,,,
"prince_charge",,,,,,"sound_prince_charge","ParticleEmitter",,,"knight_deploy_dustPuff1",,"Object",,,,,,,,,
,,,,,,,"Filter","sc/effects.sc","filter_protection",,,"Base",,,,,,,,,
,,,,,,,"SWF","sc/effects.sc","effect_charge",,,"Above",,"txt","charge",,,,,,
"battleram_charge",,,,,,"sound_battleram_charge","ParticleEmitter",,,"knight_deploy_dustPuff1",,"Object",,,,,,,,,
,,,,,,,"Filter","sc/effects.sc","filter_protection",,,"Base",,,,,,,,,
,,,,,,,"SWF","sc/effects.sc","effect_charge",,,"Above",,"txt","charge",,,,,,
"prince_charge_hit",,,,,,"sound_prince_charge_hit","SWF",,,,,"Object",100,,,,,,,,
"prince_attack_start",,,,,,"sound_prince_attack_start","Effect",,,,,"Object",100,,,,,,,,
"prince_hit",,,,,,"sound_prince_hit","SWF",,,,,"Object",100,,,,,,,,
"prince_die",,,,,,,"Effect","sc/effects.sc","RoundExplosion","Death_sparkle_still1","Death_player","Object",100,,,,,,,,
,,,,,,,"ParticleEmitter",,,"knight_deploy_dustPuff1",,"Object",100,,,,,,,,
,,,,,,,,,,,,,100,,,,,,,,
,,,,,,,,,,,,,100,,,,,,,,
"Deploy_ground_fX_mediumSize",,,,300,,,"ParticleEmitter",,,"knight_deploy_rocks_hitGround",,"Ground",100,,,,,,,,
,,,,300,,,"ParticleEmitter",,,"knight_deploy_dustPuff1",,"Ground",,,,,,,,,
,,,,300,,,"ParticleEmitter",,,"knight_depoy_dustShadow",,"Shadow",60,,,,,,,,
,,,,300,,,"ParticleEmitter",,,"knight_deploy_dustPuff2",,"Object",60,,,,,,,,
,,,,,,,,,,,,,60,,,,,,,,
"Deploy_ground_fx_largeSize",,,,300,,,"ParticleEmitter",,,"giant_deploy_dustPuff",,"Ground",100,,,"giant_skeleton_deploy_enemy",,,,,
,,,,300,,,"ParticleEmitter",,,"giant_deploy_rocks_hitGround",,"Ground",,,,,,,,,
,,,,300,,,"ParticleEmitter",,,"giant_deploy_dustPuff_shadow",,"Shadow",,,,,,,,,
"King_enemy_activate_training",,,,,,"sound_king_enemy_activate","SWF",,,,,"Object",,,,,,,,,
,,,,,,"sound_king_happy_tower","SWF",,,,,"Object",,,,,,,,,
"King_player_activate",,,,,,"sound_king_player_activate","SWF",,,,,"Object",,,,"King_enemy_activate",,,,,
,,,,,,"sound_king_angry","SWF",,,,,"Object",,,,,,,,,
"King_player_die",,,,,,"sound_king_player_die","SWF",,,,,"Object",,,,"King_enemy_die",,,,,
,,,2000,50,,,"ParticleEmitter",,,"TargetDummy_planks",,"Object",,,,,,,,,
,,,,,,,"ParticleEmitter",,,"FireRingEmitter",,"Object",,,,,,,,,
,,,,250,,,"ParticleEmitter",,,"TargetDummy_smoke",,"Object",,,,,,,,,
,,,,,,,"ParticleEmitter",,,"TowerExplode_rockEmitter",,"Object",,,,,,,,,
,,,,,,,"ParticleEmitter",,,"KingTower_destroyed_ground",,"Base",,,,,,,,,
,,,,,,,"ParticleEmitter",,,"Big_rock_particle1",,"Object",,,,,,,,,
,,,,,,,"ParticleEmitter",,,"TargetDummy_planks2",,"Object",,,,,,,,,
"King_enemy_activate",,,,,,"sound_king_enemy_activate","SWF",,,,,"Object",,,,,,,,,
,,,,,,"sound_king_angry","SWF",,,,,"Object",,,,,,,,,
"King_enemy_die",,,,,,"sound_king_enemy_die","SWF",,,,,"Object",,,,,,,,,
,,,2000,50,,,"ParticleEmitter",,,"TargetDummy_planks",,"Object",,,,,,,,,
,,,,,,,"ParticleEmitter",,,"FireRingEmitter",,"Object",,,,,,,,,
,,,,250,,,"ParticleEmitter",,,"TargetDummy_smoke",,"Object",,,,,,,,,
,,,,,,,"ParticleEmitter",,,"TowerExplode_rockEmitter",,"Object",,,,,,,,,
,,,,,,,"ParticleEmitter",,,"KingTower_destroyed_ground",,"Base",,,,,,,,,
,,,,,,,"ParticleEmitter",,,"Big_rock_particle1",,"Object",,,,,,,,,
,,,,,,,"ParticleEmitter",,,"TargetDummy_planks2",,"Object",,,,,,,,,
"King_attack",,,,,,"sound_king_attack","SWF",,,,,"Above",,,,,,,,,
,,,,,,,"ParticleEmitter","sc/effects.sc","giant_hit_blow","cannon_firePareticles",,"Above",,,,,,,,,
,,,,,,,"ParticleEmitter","sc/effects.sc","giant_hit_blow","cannon_glow",,"Above",,,,,,,,,
,,,,,,,"ParticleEmitter","sc/effects.sc","giant_hit_blow","cannon_glow_top",,"Above",,,,,,,,,
,,,,,,,"ParticleEmitter","sc/effects.sc","giant_hit_blow","cannon_smoke1",,"Above",,,,,,,,,
"chest_landing_gold",,,,,,"sound_chest_hit_slot","SWF",,,,,"Above",,,,,,,,,
,,,,,,,"ParticleEmitter",,,"chest_landing_puff",,"Above",,,,,,,,,
,,,,500,,,"ParticleEmitter",,,"chest_landing_goldDust",,"Above",,,,,,,,,
,,,,500,,,"ParticleEmitter",,,"chest_landing_goldDust2",,"Above",,,,,,,,,
,,,,,,,"ParticleEmitter",,,"chest_landing_goldFlash",,"Base",,,,,,,,,
,,,,,,,"ParticleEmitter",,,"chest_landing_goldBurst",,"Base",,,,,,,,,
"chest_landing_magic",,,,,,"sound_chest_hit_slot","SWF",,,,,"Above",,,,,,,,,
,,,,,,,"ParticleEmitter",,,"chest_landing_puff",,"Above",,,,,,,,,
,,,,500,,,"ParticleEmitter",,,"chest_landing_magicDust",,"Base",,,,,,,,,
,,,,,,,"ParticleEmitter",,,"chest_landing_magicFlash",,"Base",,,,,,,,,
,,,,,,,"ParticleEmitter",,,"chest_landing_goldFlash",,"Base",,,,,,,,,
,,,,,,,"ParticleEmitter",,,"chest_landing_magicBurst",,"Base",,,,,,,,,
"shop_spell_appear",,,,,,"sound_shop_new_spell","SWF",,,,,"Above",,,,,,,,,
,,,,,,,"ParticleEmitter",,,"chest_landing_puff",,"Above",,,,,,,,,
"chest_landing_wood",,,,,,"sound_chest_hit_slot","SWF",,,,,"Above",,,,,,,,,
,,,,,,,"ParticleEmitter",,,"chest_landing_puff",,"Above",,,,,,,,,
"chest_landing_iron",,,,,,"sound_chest_hit_slot","SWF",,,,,"Above",,,,,,,,,
,,,,,,,"ParticleEmitter",,,"chest_landing_puff",,"Above",,,,,,,,,
,,,,,,,"ParticleEmitter",,,"chest_landing_metalHit",,"Base",,,,,,,,,
"dark_arena_pot_flame",,,,,,,"ParticleEmitter",,,"FlameEmitterSlow",,"Above",100,,,,,,,,
"arena_reached",,,,,,,"SWF",,,,,"Above",,,,,,,,,
,,,,500,,,"ParticleEmitter",,,"arena_levelup_sparks",,"Base",,,,,,,,,
,,,,,,,"ParticleEmitter",,,"arena_levelup_flash",,"Base",,,,,,,,,
,,,,,,,"ParticleEmitter",,,"arena_levelup_burst",,"Base",,,,,,,,,
,,,,,,,"ParticleEmitter",,,"arena_levelup_hit_sparks",,"Base",,,,,,,,,
"xp_levelup",,,,,,,"SWF",,,,,"Above",,,,,,,,,
,,,,500,,,"ParticleEmitter",,,"xp_levelup_sparks",,"Base",,,,,,,,,
,,,,,,,"ParticleEmitter",,,"xp_levelup_flash",,"Base",,,,,,,,,
,,,,,,,"ParticleEmitter",,,"xp_levelup_burst",,"Base",,,,,,,,,
"Inferno_continuous","true",,,,,,"ParticleEmitter",,,"Inferno_loop1",,"Object",100,,,"Inferno_continuous",,,,,
,,,,300,,,"ParticleEmitter",,,"Inferno_loop1",,"Object",,,,,,,,,
"GiantSkeleton_Bomb_deploy",,,,,,"sound_GiantSkeleton_bomb_deploy","SWF",,,,,"Object",,,,,,,,,
"Balloon_Bomb_deploy",,,,,,"sound_Balloon_Bomb_deploy","SWF",,,,,"Object",,,,,,,,,
"LegendaryArena_torch_fire","true",,,,,,"ParticleEmitter",,,"LegendaryArena_torch_fire1",,"Above",50,,,,,,,,
"legendaryArena_smokeGlow","true",,,,,,"ParticleEmitter",,,"LegendaryArena_fx1",,"Above",50,,,,,,,,
"ice_wizard_deploy",,,,,,"sound_ice_wizard_deploy","SWF",,,,,"Object",100,,,,,,,,
,,,,,,"sound_ice_wizard_deploy_vo","SWF",,,,,"Object",100,,,,,,,,
,,,,350,,,"Effect",,,,"ice_wizard_hit","Base",,,,,,,,,
,,,,350,,,"Effect",,,,"ShakeShcreen_delay","Base",,,,,,,,,
,,,,300,,,"ParticleEmitter",,,"knight_deploy_dustPuff1",,"Ground",,,,,,,,,
,,,,300,,,"ParticleEmitter",,,"knight_deploy_dustPuff2",,"Object",,,,,,,,,
,,,,300,,,"ParticleEmitter",,,"ice_wizard_deploy_flakes",,"Object",60,,,,,,,,
,,,,,,,,,,,,,60,,,,,,,,
"ice_wizard_steps","true",,,,,"sound_ice_wizard_steps","SWF",,,,,"Ground",100,,,,,,,,
"ice_wizard_attack_start",,,,,,"sound_ice_wizard_attack_start","SWF",,,,,"Object",100,,,,,,,,
,,,,,,"sound_ice_wizard_attack_vo","SWF",,,,,"Object",100,,,,,,,,
"ice_wizard_hit",,,,,,"sound_ice_wizard_projectile_hit","ParticleEmitter",,,"ice_wiz_hit_ground",,"Ground",100,,,,,,,,
,,,,-100,,,"ParticleEmitter",,,"ice_wiz_hit_burst",,"Object",,,,,,,,,
,,,,,,,"ParticleEmitter",,,"ice_wiz_hit_puff",,"Above",,,,,,,,,
,,,,,,,"ParticleEmitter",,,"ice_wiz_hit_flakes",,"Above",,,,,,,,,
"ice_wizard_die",,,,,,,"Effect","sc/effects.sc","RoundExplosion","Death_sparkle_still1","Death_player","Object",100,,,,,,,,
,,,,,,"sound_ice_wizard_die","SWF",,,,,"Object",,,,,,,,,
"openChest_loop_legendary","true",,,,,"sound_openChest_loop_legendary","SWF",,,,,"Above",,,,,,,,,
,,,,,,,"ParticleEmitter",,,"openChest_legendary_loop1",,"Object",,,,,,,,,
"openChest_get_legendary",,,,,,"sound_openChest_get_legendary","SWF",,,,,"Above",,,,,,,,,
,,,,,,,"ParticleEmitter",,,"openChest_legend_particles",,"Above",,,,,,,,,
,,,,,,,"ParticleEmitter",,,"openChest_legend_particles",,"Above",,,,,,,,,
"chest_landing_giant",,,,,,,"SWF",,,,,"Above",,,,,,,,,
,,,,,,,"ParticleEmitter",,,"chest_landing_puff_giant",,"Above",,,,,,,,,
,,,,,,,"ParticleEmitter",,,"chest_landing_giantBurst",,"Base",,,,,,,,,
,,,,,,,"ParticleEmitter",,,"chest_landing_giantBurst2",,"Base",,,,,,,,,
"chest_landing_mega",,,,,,,"SWF",,,,,"Above",,,,,,,,,
,,,,,,,"ParticleEmitter",,,"chest_landing_puff_mega",,"Above",,,,,,,,,
,,,,500,,,"ParticleEmitter",,,"chest_landing_megaDust",,"Base",,,,,,,,,
,,,,,,,"ParticleEmitter",,,"chest_landing_megaFlash",,"Base",,,,,,,,,
,,,,,,,"ParticleEmitter",,,"chest_landing_megaBurst",,"Base",,,,,,,,,
"openChest_mega",,,,,,"sound_openChest_bigmagical","SWF",,,,,"Above",,,,,,,,,
"openChest_giant",,,,,,"sound_openChest_giant","SWF",,,,,"Above",,,,,,,,,
"ShakeShcreen_delay",,,300,,,,"SWF",,,,,"Base",,,,,,,,,
"BomberBomb_fire_emitter","true",,,,,,"ParticleEmitter",,,"FlameArrowEmitter_small",,"Above",50,,,,,,,,
"princess_deploy",,,,,,"sound_princess_deploy","SWF",,,,,"Object",100,,,,,,,,
,,,,,,"sound_princess_deploy_vo","SWF",,,,,"Object",100,,,,,,,,
,,,,,,,"Effect",,,,"Deploy_ground_fX_mediumSize","Base",,,,,,,,,
"princess_steps",,,,,,"sound_princess_steps","SWF",,,,,"Ground",100,,,,,,,,
"princess_attack_start",,,,,,"sound_princess_attack_start","SWF",,,,,"Object",100,,,,,,,,
"princess_attack",,,,,,"sound_princess_attack","SWF",,,,,"Object",100,,,,,,,,
,,,,,,"sound_princess_atk_vo","SWF",,,,,"Object",100,,,,,,,,
"princess_die",,,,,,,"Effect","sc/effects.sc","RoundExplosion","Death_sparkle_still1","Death_player","Object",100,,,,,,,,
,,,,,,"sound_princess_die","SWF",,,,,"Object",,,,,,,,,
"blowdart_goblin_atk_start",,,,,,"sound_blowdart_goblin_atk_start","SWF",,,,,"Object",100,,,,,,,,
,,,,,,"sound_blowdart_gob_jump","SWF",,,,,"Object",100,,,,,,,,
"blowdart_goblin_steps",,,,,,"sound_blowdart_gob_steps","SWF",,,,,"Ground",100,,,,,,,,
"blowdart_goblin_deploy",,,,,,"sound_blowdart_goblin_deploy","SWF",,,,,"Object",100,,,,,,,,
"Spell_poison_ground","true",,,,,,"SWF","sc/effects.sc","Poison_radius",,,"Base",,,,"Spell_poison_ground_red",,,,,
,,,,,,,"SWF","sc/effects.sc","spell_poison_radius_blue","poison_spell_radius_blue",,"Base",,,,,,,,,
"Spell_poison_effect",,,,,,"sound_poison_spell","ParticleEmitter",,,"Poison_skull1",,"Object",,,,,,,,,
"Spell_poison_loop","true",,,,,,"ParticleEmitter",,,"Poison_skull1",,"Object",,,,,,,,,
,,,,,,,"ParticleEmitter",,,"Poison_big_skull",,"Object",,,,,,,,,
"ice_wiz_emitter","true","true",,,,,"ParticleEmitter",,,"ice_wiz_emitter_trail",,"Object",50,,,,,,,,
,,,,,,,"ParticleEmitter",,,"ice_wiz_trail_shards",,"Above",,,,,,,,,
"PrincessArrowHitGround",,,,,,"sound_PrincessArrowHitGround","ParticleEmitter",,,"Princess_arrow_hit_ground",,"Ground",100,,,,,,,,
,,,,,,,"ParticleEmitter",,,"Princess_arrow_hit_ground_loop",,"Base",,,,,,,,,
"PrincessArrowProjectileEmitter","true",,,,,,"ParticleEmitter",,,"Princess_arrow_emitter_small_zeroZ",,"Above",50,,,,,,,,
"GuardShieldDown",,,,75,,,"ParticleEmitter",,,"guard_shield_down",,"Ground",100,,,,,,,,
,,,,,,"sound_GuardShieldDown","SWF",,,,,"Object",100,,,,,,,,
,,,,,,"sound_GuardShieldDown_vo","SWF",,,,,"Object",100,,,,,,,,
,,,,,,,"ParticleEmitter",,,"guard_shield_down_sparks",,"Above",,,,,,,,,
"dark_prince_deploy",,,,,,"sound_dark_prince_deploy","SWF",,,,,"Object",100,,,,,,,,
,,,,,,"sound_dark_prince_deploy_vo","SWF",,,,,"Object",100,,,,,,,,
,,,,,,"sound_dark_prince_deploy_end","SWF",,,,,"Object",,,,,,,,,
,,,,,,,"Effect",,,,"Deploy_ground_fX_mediumSize","Base",,,,,,,,,
,,,,,,,,,,,,,60,,,,,,,,
,,,,,,,,,,,,,60,,,,,,,,
,,,,,,,,,,,,,60,,,,,,,,
"dark_prince_steps",,,,,,"sound_dark_prince_steps","ParticleEmitter",,,"knight_speps_dust1",,"Ground",100,,,,,,,,
"dark_prince_charge",,,,,,"sound_dark_prince_charge","ParticleEmitter",,,"knight_deploy_dustPuff1",,"Object",,,,,,,,,
,,,,,,"sound_dark_prince_charge_jing","ParticleEmitter",,,"knight_deploy_dustPuff1",,"Object",,,,,,,,,
,,,,,,,"Filter","sc/effects.sc","filter_protection",,,"Base",,,,,,,,,
,,,,,,,"SWF","sc/effects.sc","effect_charge",,,"Above",,"txt","charge",,,,,,
"dark_prince_charge_hit",,,,,,"sound_dark_prince_charge_hit","SWF",,,,,"Object",100,,,,,,,,
"dark_prince_attack_start",,,,,,"sound_dark_prince_attack_start","Effect",,,,,"Object",100,,,,,,,,
,,,,,,"sound_dark_prince_attack_start_vo","Effect",,,,,"Object",100,,,,,,,,
"dark_prince_hit",,,,,,"sound_dark_prince_hit","SWF",,,,,"Object",100,,,,,,,,
"dark_prince_die",,,,,,"sound_dark_prince_death","Effect","sc/effects.sc","RoundExplosion","Death_sparkle_still1","Death_player","Object",100,,,,,,,,
,,,,,,,"ParticleEmitter",,,"knight_deploy_dustPuff1",,"Object",100,,,,,,,,
,,,,,,,"ParticleEmitter",,,"guard_die_particle_stick",,"Object",100,,,,,,,,
,,,,,,,,,,,,,100,,,,,,,,
"golem_cont_effect","true",,,,,,"ParticleEmitter",,,"golem_firefly_trail",,"Above",50,,,,,,,,
,,,,3000,,,"ParticleEmitter",,,"golem_firefly_trail",,"Above",,,,,,,,,
,,,,9000,,,"ParticleEmitter",,,"golem_firefly_trail",,"Above",,,,,,,,,
,,,,12000,,,"ParticleEmitter",,,"golem_firefly_trail",,"Above",,,,,,,,,
"miner_deploy",,,500,,,"sound_miner_deploy_up","SWF",,,,,"Object",100,,,,,,,,
,,,,,,"sound_miner_deploy_vo","SWF",,,,,"Object",100,,,,,,,,
,,,,,,,"ParticleEmitter",,,"knight_deploy_rocks_hitGround",,"Base",,,,,,,,,
,,,,,,,"ParticleEmitter",,,"giant_hitpuff2",,"Base",,,,,,,,,
,,,,,,,"ParticleEmitter",,,"miner_deploy_rocks1",,"Object",,,,,,,,,
,,,,,,,"Effect",,,,"Deploy_ground_fX_mediumSize","Object",,,,,,,,,
,,,,,,,"ParticleEmitter",,,"miner_deploy_rocks1_shadow",,"Shadow",,,,,,,,,
"miner_steps",,,,,,"sound_miner_steps","ParticleEmitter",,,"knight_speps_dust1",,"Ground",100,,,,,,,,
"miner_attack_start",,,,,,"sound_miner_attack_start","Effect",,,,,"Object",100,,,,,,,,
,,,,,,"sound_miner_attack_start_vo","Effect",,,,,"Object",100,,,,,,,,
"miner_hit",,,,,,"sound_miner_hit","SWF",,,,,"Object",100,,,,,,,,
"miner_die",,,,,,"sound_miner_die","Effect","sc/effects.sc","RoundExplosion","Death_sparkle_still1","Death_player","Object",100,,,,,,,,
,,,,,,,"ParticleEmitter",,,"knight_deploy_dustPuff1",,"Object",100,,,,,,,,
"skeleton_warrior_deploy",,,,,,"sound_skeleton_warrior_deploy","SWF",,,,,"Object",100,,,,,,,,
"skeleton_warrior_steps","true",,,,,"sound_skeleton_warrior_steps","SWF",,,,,"Ground",100,,,,,,,,
"skeleton_warrior_attack_start","true",,,,,"sound_skeleton_warrior_attack_start","SWF",,,,,"Object",100,,,,,,,,
"skeleton_warrior_hit",,,,,,"sound_skeleton_warrior_hit","SWF",,,,,"Object",100,,,,,,,,
"skeleton_warrior_die",,,,,,,"Effect","sc/effects.sc","RoundExplosion","Death_sparkle_still1","Death_player","Object",100,,,,,,,,
,,,,,,"sound_skeleton_warrior_die","SWF",,,,,"Object",,,,,,,,,
"skeleton_warrior_lose_shield",,,,,,"sound_skeleton_warrior_lose_shield","ParticleEmitter",,,"skeleton_warrior_lose_shield",,"Object",,,,,,,,,
"win_battle_confetti_blue",,,,,,,"ParticleEmitter",,,"win_battle_confetti_blue1",,"Above",,,,"win_battle_confetti_red",,,,,
"win_battle_confetti_blue_top",,,,,,,"ParticleEmitter",,,"win_battle_confetti_blue2",,"Above",,,,"win_battle_confetti_red_top",,,,,
"win_battle_confetti_red",,,,,,,"ParticleEmitter",,,"win_battle_confetti_red1",,"Above",,,,,,,,,
"win_battle_confetti_red_top",,,,,,,"ParticleEmitter",,,"win_battle_confetti_red2",,"Above",,,,,,,,,
"firespirit_continuous_fx","true",,,,,,"ParticleEmitter",,,"firespirit_cont_fire1",,"Object",,,,,,,,,
,,,,,,,"ParticleEmitter",,,"firespirit_cont_sparks1",,"Above",,,,,,,,,
"firespirit_attack",,,,,,"sound_firespirit_attack","SWF",,,,,"Object",,,,,,,,,
"firespirit_die",,,,,,"sound_firespirit_die","Effect",,,"MagaBomb_FireRing","Death_player_small","Object",,,,,,,,,
"firespirit_steps",,,,,,"sound_firespirit_steps","SWF",,,,,"Object",,,,,,,,,
,,,,,,"sound_firespirit_steps_sfx","SWF",,,,,"Object",,,,,,,,,
"firespirit_deploy",,,,,,"sound_firespirit_deploy","SWF",,,,,"Object",,,,,,,,,
"firespirit_projectile_hit",,,,,,"sound_firespirit_projectile_hit","ParticleEmitter",,,"chr_wiz_hit_sparks",,"Object",,,,,,,,,
,,,,,,,"ParticleEmitter",,,"FireRingEmitter",,"Object",,,,,,,,,
,,,,,,,"ParticleEmitter",,,"cannon_glow",,"Object",,,,,,,,,
,,,,,,,"ParticleEmitter",,,"firespirit_hit_embers",,"Object",,,,,,,,,
"Death_player_small",,,,,,"sound_generic_death","ParticleEmitter",,,"Death_elixir_burst1_small",,"Object",,,,,,,,,
,,,,,,,"ParticleEmitter","sc/effects.sc","BloodCloud","Death_enemy_puff_small",,"Object",,,,,,,,,
,,,,,,,"ParticleEmitter","sc/effects.sc","BloodCloud","Death_elixir_ground1_small",,"Base",,,,,,,,,
"lava_hound_deploy",,,,,,"sound_lava_hound_deploy","SWF",,,,,"Object",100,,,,,,,,
,,,,,,"sound_lava_hound_deploy_end","SWF",,,,,"Object",,,,,,,,,
"lava_hound_steps",,,,,,"sound_lava_hound_steps","SWF",,,,,"Ground",100,,,,,,,,
"lava_hound_attack_start",,,,,,"sound_lava_hound_start","SWF",,,,,"Object",100,,,,,,,,
,,,,,,,"ParticleEmitter",,,"lavaHound_attackParticles",,"Object",,,,,,,,,
"lava_hound_projectile_hit",,,,,,"sound_lava_hound_projectile_hit","SWF",,,,,"Object",100,,,,,,,,
,,,,,,,"ParticleEmitter",,,"lava_hound_hit_sparks3",,"Ground",,,,,,,,,
,,,,,,,"ParticleEmitter",,,"lava_hound_hit_sparks0",,"Ground",,,,,,,,,
"lava_hound_die",,,,,,"sound_lava_hound_die","SWF",,,,,"Object",100,,,,,,,,
,,,,,,,"ParticleEmitter",,,"chr_wiz_hit_fire",,"Object",,,,,,,,,
,,,,,,,"ParticleEmitter",,,,,"Ground",,,,,,,,,
,,,,,,,"ParticleEmitter",,,"lava_hound_die_sparks",,"Object",,,,,,,,,
,,,,,,,"ParticleEmitter",,,"lavaHound_embers",,"Object",,,,,,,,,
"cheer_confetti_blue",,,,,,,"ParticleEmitter",,,"cheer_confetti_ground_blue",,"Base",,,,"cheer_confetti_red",,,,,
,,,,,,,"ParticleEmitter",,,"cheer_confetti_blue2",,"Object",,,,,,,,,
"cheer_confetti_red",,,,,,,"ParticleEmitter",,,"cheer_confetti_ground_red",,"Base",,,,,,,,,
,,,,,,,"ParticleEmitter",,,"cheer_confetti_red2",,"Object",,,,,,,,,
"miner_travel_effect","true",,,,,,"ParticleEmitter",,,"miner_deploy_predeploy_rocks",,"Object",,,,,,"true",,,
,,,,,,,"ParticleEmitter",,,"miner_deploy_dig",,"Ground",,,,,,,,,
,,,,,,"sound_miner_travel_effect","SWF",,,,,"Base",,,,,,,,,
,,,,,,"sound_miner_deploy","SWF",,,,,"Base",,,,,,,,,
,,,,,,,"ParticleEmitter",,,"miner_deploy_dig",,"Base",,,,,,,,,
,,,,,,,"ParticleEmitter",,,"miner_deploy_dig",,"Base",,,,,,,,,
,,,,,,,"ParticleEmitter",,,"Miner_travel_particles2",,"Base",,,,,,,,,
"Firespirit_building_spawn",,,,,,"sound_firespirit_building_spawn","ParticleEmitter",,,"Firespirit_building_spawn_burst1_small",,"Above",,,,,,,,,
,,,,,,,"ParticleEmitter","sc/effects.sc","BloodCloud","Firespirit_building_spawn_puff_small",,"Above",,,,,,,,,
"lava_pups_deploy",,,,,,"sound_lava_pups_deploy","SWF",,,,,"Object",100,,,,,,,,
,,,,,,"sound_lava_pups_deploy_end","SWF",,,,,"Object",,,,,,,,,
"lava_pups_steps",,,,,,"sound_lava_pups_steps","SWF",,,,,"Ground",100,,,,,,,,
"lava_pups_attack_start",,,,,,"sound_lava_pups_start","SWF",,,,,"Object",100,,,,,,,,
,,,,,,,"ParticleEmitter",,,"lavaPups_attackParticles",,"Object",,,,,,,,,
"lava_pups_projectile_hit",,,,,,"sound_lava_pups_projectile_hit","SWF",,,,,"Object",100,,,,,,,,
,,,,,,,"ParticleEmitter",,,"lavaPups_hit_drops",,"Ground",,,,,,,,,
,,,,,,,"ParticleEmitter",,,"lavaPups_hit_drops2",,"Ground",,,,,,,,,
,,,,,,,"ParticleEmitter",,,"lavaPups_hit_drops3",,"Ground",,,,,,,,,
"lava_pups_die",,,,,,,"Effect","sc/effects.sc","RoundExplosion","Death_sparkle_still1","Death_player","Object",100,,,,,,,,
,,,,,,"sound_lava_pups_die","SWF",,,,,"Object",,,,,,,,,
"lava_hound_Emitter","true","true",,,,,"ParticleEmitter",,,"LavaHound_EmitterTrail",,"Object",50,,,,,,,,
,,,,,,,"ParticleEmitter",,,"LavaHound_EmitterTrail",,"Object",,,,,,,,,
,,,,,,,"ParticleEmitter",,,"LavaHound_EmitterTrail",,"Object",,,,,,,,,
"lava_pups_emitter","true","true",,,,,"ParticleEmitter",,,"LavaPups_EmitterTrail",,"Object",50,,,,,,,,
,,,,100,,,"ParticleEmitter",,,"LavaPups_EmitterTrail",,"Object",,,,,,,,,
,,,,25,,,"ParticleEmitter",,,"LavaPups_EmitterTrail2",,"Object",,,,,,,,,
"zapmachine_deploy",,,,,,"sound_zapmachine_deploy","SWF",,,,,"Object",100,,,"zapmachine_deploy_enemy",,,,,
,,,,,,"sound_zapmachine_deploy_end","SWF",,,,,"Object",,,,,,,,,
,,,,,,,"Effect",,,,"Deploy_ground_fx_largeSize","Base",,,,,,,,,
"zapmachine_deploy_enemy",,,,,,"sound_zapmachine_deploy_enemy","SWF",,,,,"Object",100,,,,,,,,
,,,,,,"sound_zapmachine_deploy_end_enemy","SWF",,,,,"Object",,,,,,,,,
,,,,,,,"Effect",,,,"Deploy_ground_fx_largeSize","Base",,,,,,,,,
"zapmachine_steps",,,,,,"sound_zapmachine_steps","SWF",,,,,"Ground",100,,,,,,,,
"zapmachine_load_weapon","true",,,,,"sound_zapmachine_load_weapon","SWF",,,,,"Object",100,,,,,,,1200,
,,,,,,,"ParticleEmitter",,,"zapmachine_cont_sparks1",,"Object",,,,,,,,,
,,,,,,,"ParticleEmitter",,,"zapmachine_cont_fire1",,"Above",,,,,,,,,
"zapmachine_load_weapon_1",,,,,,"sound_zapmachine_load_1","SWF",,,,,"Above",,,,,,,,,
"zapmachine_load_weapon_2",,,,,,"sound_zapmachine_load_2","SWF",,,,,"Above",,,,,,,,,
"zapmachine_load_weapon_3",,,,,,"sound_zapmachine_load_3","SWF",,,,,"Above",,,,,,,,,
"zapmachine_attack",,,,,,"sound_zapmachine_attack","SWF",,,,,"Object",100,,,,,,,,
,,,,,,,"ParticleEmitter",,,"zapmachine_attack_sparks",,"Object",,,,,,,,,
,,,,,,,"ParticleEmitter",,,"zapmachine_attack_beam",,"Object",,,,,,,,,
,,,,,,,"ParticleEmitter",,,"zapmachine_attack_electric",,"Object",,,,,,,,,
,,,,,,,"ParticleEmitter",,,"zapmachine_attack_pushback",,"Ground",,,,,,,,,
,,,,,,,"ParticleEmitter",,,"zapmachine_attack_pushback_shadow",,"Shadow",,,,,,,,,
"zapmachine_projectile_hit",,,800,,,"sound_zapmachine_projectile_hit","SWF",,,,,"Object",100,,,,,,,,
,,,,,,,"ParticleEmitter",,,"Zap_hit_area",,"Above",,,,,,,,,
,,,,,,,"ParticleEmitter",,,"zapMachine_hit_sparks",,"Above",,,,,,,,,
,,,,,,,"ParticleEmitter",,,"zapMachine_smallHit",,"Above",,,,,,,,,
,,,,,,,"ParticleEmitter",,,"zapmachine_hit_effect_particles",,"Above",,,,,,,,,
,,,,,,,"ParticleEmitter",,,"zap_hit_puff",,"Above",,,,,,,,,
,,,,,,,"ParticleEmitter",,,"zapmachine_spechit_smoke",,"Base",,,,,,,,,
"zapmachine_die",,,,,,"sound_zapmachine_die","Effect","sc/effects.sc","RoundExplosion","Death_sparkle_still1","Death_player","Object",100,,,"zapmachine_die_enemy",,,,,
,,,,,,,"ParticleEmitter",,,"Goblin_hut_woodExplosion",,"Object",,,,,,,,,
,,,,,,,"ParticleEmitter",,,"TargetDummy_planks2",,"Object",,,,,,,,,
,,,,,,,"ParticleEmitter",,,"TargetDummy_planks",,"Object",,,,,,,,,
"zapmachine_die_enemy",,,,,,"sound_zapmachine_die_enemy","Effect","sc/effects.sc","RoundExplosion","Death_sparkle_still1","Death_player","Object",100,,,,,,,,
,,,,,,,"ParticleEmitter",,,"Goblin_hut_woodExplosion",,"Object",,,,,,,,,
,,,,,,,"ParticleEmitter",,,"TargetDummy_planks",,"Object",,,,,,,,,
,,,,,,,"ParticleEmitter",,,"TargetDummy_planks2",,"Object",,,,,,,,,
,,,,,,,"ParticleEmitter",,,"zapmachine_death_wheels",,"Base",,,,,,,,,
"zapMachine_trail_emitter","true","true",,,,,"ParticleEmitter",,,"zapmachine_trail_electric",,"Object",50,,,,,,,,
,,,,,,,"ParticleEmitter",,,"zapmachine_trail_electric",,"Object",,,,,,,,,
"Spell_freeze_ground_red",,,,,,,"SWF","sc/effects.sc","freeze_effect_ground_red",,,"Base",,,,,,,,,
,,,,,,,"ParticleEmitter",,,"freeze_snowPiles1",,"Ground",,,,,,,,,
,,,,,,,"ParticleEmitter",,,"freeze_snow_scatter1",,"Ground",,,,,,,,,
,,,,,,,"SWF","sc/effects.sc","spell_freeze_radius_red",,,"Base",,,,,,,,,
"Spell_poison_ground_red","true",,,,,,"SWF","sc/effects.sc","Poison_radius",,,"Base",,,,,,,,,
,,,,,,,"SWF","sc/effects.sc","spell_poison_radius_red","poison_spell_radius_red",,"Base",,,,,,,,,
"Spell_rage_ground_red",,,,,,,"SWF","sc/effects.sc","rage_effect_ground",,,"Base",,,,,,,,,
,,,,,,,"SWF","sc/effects.sc","spell_rage_radius_red",,,"Base",,,,,,,,,
"rage_bottle_explode",,,,,,"sound_barbarian_deploy","SWF",,,,,"Object",100,,,,,,,,
,,,,,,,"ParticleEmitter",,,"rage_bottle_glass_break","Deploy_ground_fX_mediumSize","Base",,,,,,,,,
,,,,,,,"ParticleEmitter",,,"rage_bottle_break_puff",,"Ground",,,,,,,,,
,,,,,,,"ParticleEmitter",,,"rage_bottle_spill",,"Base",,,,,,,,,
"log_hit",,"true",,,,"sound_log_hit","ParticleEmitter",,,"cannon_hit_rock_emiter",,"Object",100,,,,,,,,
,,,,,,,"ParticleEmitter",,,"cannon_hit_smokePuff",,"Object",60,,,,,,,,
,,,,,,,,,,,,,60,,,,,,,,
"log_emitter","true",,,,,"sound_log_roll","ParticleEmitter",,,"log_emitter_particles",,"Base",,,,,,"true",,,
,,,,,,,"ParticleEmitter",,,"log_sparkle",,"Base",,,,,,,,,
"log_deploy",,,,,,"sound_log_deploy","SWF",,,,,"Base",,,,,,,,,
,,,,,,"sound_log_vocal","SWF",,,,,"Base",,,,,,,,,
"bowler_deploy",,,,,,"sound_bowler_deploy","SWF",,,"giant_deploy_dustPuff",,"Object",100,,,,,,,,
,,,,,,,"Effect",,,,"Deploy_ground_fx_largeSize","Base",,,,,,,,,
"bowler_steps",,,,,,"sound_bowler_steps","SWF",,,,,"Ground",100,,,,,,,,
,,,,,,"sound_bowler_steps_vo","SWF",,,,,"Ground",100,,,,,,,,
"bowler_attack_start",,,,,,"sound_bowler_attack_start","SWF",,,,,"Object",100,,,,,,,,
"bowler_die",,,,,,"sound_bowler_die","Effect","sc/effects.sc","RoundExplosion","Death_sparkle_still1","death_giant1","Object",100,,,,,,,,
"log_die",,,,,,"sound_log_hit","ParticleEmitter",,,"log_woodExplosion",,"Object",100,,,,,,,,
,,,,,,,"ParticleEmitter",,,"log_planks2",,"Object",,,,,,,,,
,,,,,,,"ParticleEmitter",,,"log_planks",,"Object",,,,,,,,,
,,,,,,,"ParticleEmitter",,,"log_die_smoke2",,"Base",,,,,,,,,
,,,,,,,"ParticleEmitter",,,"log_sparkle_explode",,"Base",,,,,,,,,
,,,,,,,"ParticleEmitter",,,"log_sparkle_explode",,"Base",,,,,,,,,
"icespirit_deploy",,,,,,"sound_icespirit_deploy","SWF",,,,,"Object",,,,,,,,,
"icespirit_continuous_fx","true",,,,,,"ParticleEmitter",,,"icespirit_cont_sparks1",,"Above",,,,,,,,,
,,,,200,,,"ParticleEmitter",,,"icespirit_cont_snowTrail",,"Ground",,,,,,,,,
,,,,400,,,"ParticleEmitter",,,"icespirit_cont_snowTrail",,"Ground",,,,,,,,,
,,,,600,,,"ParticleEmitter",,,"icespirit_cont_snowTrail",,"Ground",,,,,,,,,
,,,,800,,,"ParticleEmitter",,,"icespirit_cont_snowTrail",,"Ground",,,,,,,,,
"icespirit_attack",,,,,,"sound_icespirit_attack","SWF",,,,,"Object",,,,,,,,,
"icespirit_steps",,,,,,"sound_icespirit_steps","SWF",,,,,"Object",,,,,,,,,
,,,,,,"sound_icespirit_steps_sfx","SWF",,,,,"Object",,,,,,,,,
"icespirit_projectile_hit",,,,,,"sound_icespirit_projectile_hit","ParticleEmitter",,,"ice_wiz_hit_ground",,"Ground",100,,,,,,,,
,,,,-100,,,"ParticleEmitter",,,"ice_wiz_hit_burst",,"Object",,,,,,,,,
,,,,,,,"ParticleEmitter",,,"ice_wiz_hit_puff",,"Above",,,,,,,,,
,,,,,,,"ParticleEmitter",,,"ice_wiz_hit_flakes",,"Above",,,,,,,,,
"icespirit_die",,,,,,"sound_icespirit_die","Effect",,,"MagaBomb_FireRing","Death_player_small","Object",,,,,,,,,
"bowler_projectile_trail","true","true",,,,,"ParticleEmitter",,,"bowler_emitter_trail",,"Ground",50,,,,,,,,
,,,,,,,"ParticleEmitter",,,"bowler_emitter_smoke",,"Ground",,,,,,,,,
"bowler_projectile_die",,,,,,"sound_bowler_hit","ParticleEmitter",,,"bowler_projectile_rocks_front",,"Above",,,,,,,,,
,,,,,,,"ParticleEmitter",,,"bowler_projectile_rocks",,"Object",,,,,,,,,
,,,,,,,"ParticleEmitter",,,"bowler_hit_smoke",,"Object",60,,,,,,,,
,,,,,,,"ParticleEmitter",,,"bowler_hit_smoke_shadow",,"Shadow",60,,,,,,,,
"ice_water_sparkle_01","true",,,,,"sound_openChest_loop_epic","SWF",,,,,"Above",,,,,,,,,
,,,,,,,"ParticleEmitter",,,"ice_water_sparkle_01",,"Object",,,,,,,,,
"ice_cauldron_fire_01",,,,,,,"ParticleEmitter",,,"ice_cauldron_fire_01",,"Object",100,,,,,,,,
,,,,,,,"ParticleEmitter",,,"ice_cauldron_glow_01",,"Object",,,,,,,,,
"ice_cauldron_fire_02",,,,,,,"ParticleEmitter",,,"ice_cauldron_fire_02",,"Object",100,,,,,,,,
,,,,,,,"ParticleEmitter",,,"ice_cauldron_glow_02",,"Object",,,,,,,,,
"ice_water_ripple_01","true",,,,,"sound_openChest_loop_epic","SWF",,,,,"Above",,,,,,,,,
,,,,,,,"ParticleEmitter",,,"ice_water_ripple_01",,"Ground",,,,,,,,,
"ice_arena_snow","true",,,-100,,,"ParticleEmitter",,,"ice_arena_snow_particles",,"Above",,,,,,,,,
,,,,,,,"ParticleEmitter",,,"ice_arena_snow_particles",,"Above",,,,,,,,,
,,,,250,,,"ParticleEmitter",,,"ice_arena_snow_particles",,"Above",,,,,,,,,
,,,,500,,,"ParticleEmitter",,,"ice_arena_snow_particles",,"Above",,,,,,,,,
,,,,1000,,,"ParticleEmitter",,,"ice_arena_snow_particles",,"Above",,,,,,,,,
"PoisonArrowProjectileEmitter","true",,,,,,"ParticleEmitter",,,"Poison_arrow_emitter_small_zeroZ",,"Above",50,,,,,,,,
"PoisonArrowHit",,,,,,"sound_blowdart_hit","ParticleEmitter",,,"Poison_big_skull",,"Above",,,,,,,,,
,,,,,,"sound_blowdart_hit","ParticleEmitter",,,"poison_arrow_hit_puff",,"Object",,,,,,,,,
"Graveyard_appear",,,,,50,,"ParticleEmitter",,,"graveyard_spawn_puff",,"Ground",100,,,,,,,,
,,,,,50,,"ParticleEmitter",,,"Graveyard_deploy_rocks",,"Ground",100,,,,,,,,
,,,,,,"sound_skeleton_deploy","SWF",,,,,"Base",,,,,,,,,
,,,,,,,"ParticleEmitter",,,"Graveyard_holes",,"Ground",,,,,,,,,
"Spell_poison_ground_small","true",,,,43,,"SWF","sc/effects.sc","Poison_radius",,,"Base",,,,"Spell_poison_ground_red",,,,,
,,,,,43,,"SWF","sc/effects.sc","spell_poison_radius_blue","poison_spell_radius_blue",,"Base",,,,,,,,,
"Spell_poison_ground_small_red","true",,,,43,,"SWF","sc/effects.sc","Poison_radius",,,"Base",,,,,,,,,
,,,,,43,,"SWF","sc/effects.sc","spell_poison_radius_red","poison_spell_radius_red",,"Base",,,,,,,,,
"Spell_poison_small_loop","true",,,,,,"ParticleEmitter",,,"Poison_small_skull",,"Object",,,,,,,,,
"Spell_graveyard_ground","true",,,,,,"SWF","sc/effects.sc","Graveyard_ground_area_blue",,,"Base",,,,"Spell_graveyard_ground_red",,,,,
,,,,,,,"SWF","sc/effects.sc","spell_graveyard_radius_blue","poison_spell_radius_blue",,"Base",,,,,,,,,
,,,,,,"sound_graveyard_deploy","ParticleEmitter","sc/effects.sc","inferno_stage2_root","graveyard_embers",,"Object",,,,,,,,,
,,,,,,,"ParticleEmitter",,,"graveyard_smoke_mist",,"Object",,,,,,,,,
,,,,,,,"ParticleEmitter",,,"graveyard_dark_partivles",,"Object",,,,,,,,,
,,,,,,,"ParticleEmitter",,,"graveyard_drak_particle_boil",,"Object",,,,,,,,,
,,,,,,,"ParticleEmitter",,,"graveyard_dark_particle_bol_big",,"Object",,,,,,,,,
,,,,,,,"ParticleEmitter",,,"graveyard_dark_particle_bol_big",,"Object",,,,,,,,,
"Spell_graveyard_ground_red","true",,,,,,"SWF","sc/effects.sc","Graveyard_ground_area_blue",,,"Base",,,,,,,,,
,,,,,,,"SWF","sc/effects.sc","spell_graveyard_radius_red","poison_spell_radius_red",,"Base",,,,,,,,,
,,,,,,,"ParticleEmitter","sc/effects.sc","spell_graveyard_radius_red","graveyard_embers",,"Object",,,,,,,,,
,,,,,,,"ParticleEmitter","sc/effects.sc","spell_graveyard_radius_red","graveyard_smoke_mist",,"Object",,,,,,,,,
,,,,,,,"ParticleEmitter","sc/effects.sc","spell_graveyard_radius_red","graveyard_dark_partivles",,"Object",,,,,,,,,
,,,,,,,"ParticleEmitter","sc/effects.sc","spell_graveyard_radius_red","graveyard_dark_particle_bol_big",,"Object",,,,,,,,,
,,,,,,,"ParticleEmitter","sc/effects.sc","spell_graveyard_radius_red","graveyard_dark_particle_bol_big",,"Object",,,,,,,,,
,,,,,,,"ParticleEmitter","sc/effects.sc","spell_graveyard_radius_red","graveyard_drak_particle_boil",,"Object",,,,,,,,,
"inferno_dragon_muzzle_stage3","true",,,,,,"SWF","sc/effects.sc","inferno_shoot_st2",,,"Object",,,,,-1,,,1050,
,,,,,,,"ParticleEmitter",,,"inferno_dragon_emitterTrail",,"Object",,,,,,,,,
,,,,,,,"ParticleEmitter",,,"inferno_dragon_glowTrail",,"Object",,,,,,,,,
"inferno_dragon_muzzle_stage2","true",,,,,,"SWF","sc/effects.sc","inferno_shoot",,,"Object",,,,,-1,,,1050,
,,,,,,,"ParticleEmitter",,,"inferno_dragon_glowTrail",,"Object",,,,,,,,,
,,,,,,,"ParticleEmitter",,,"inferno_dragon_glowTrail",,"Object",,,,,,,,,
"inferno_dragon_muzzle",,,,,,,"SWF","sc/effects.sc","inferno_shoot",,,"Object",,,,,-1,,,1050,
,,,,,,,"ParticleEmitter",,,"inferno_dragon_glowTrail",,"Object",,,,,,,,,
"inferno_dragon_beam_lvl1","true",,,,,"sound_inferno_dragon_beam_lvl1","SWF","sc/effects.sc","inferno_dragon_beam",,,"Object",,,,,170,,,1050,
"inferno_dragon_beam_lvl2","true",,,,,"sound_inferno_dragon_beam_lvl2","SWF","sc/effects.sc","inferno_dragon_beam1",,,"Object",,,,,170,,,1050,
"inferno_dragon_beam_lvl3","true",,,,,"sound_inferno_dragon_beam_lvl3","SWF","sc/effects.sc","inferno_dragon_beam2",,,"Object",,,,,170,,,1050,
"inferno_dragon_deploy",,,,,,"sound_inferno_dragon_deploy","SWF",,,,,"Object",100,,,,,,,,
,,,,,,"sound_inferno_dragon_deploy_end","SWF",,,,,"Object",,,,,,,,,
"inferno_dragon_steps",,,,,,"sound_inferno_dragon_steps","SWF",,,,,"Ground",100,,,,,,,,
"inferno_dragon_attack_start",,,,,,"sound_inferno_dragon_attack_start","SWF",,,,,"Object",100,,,,,,,,
"inferno_dragon_attack",,,,,,"sound_inferno_dragon_attack","SWF",,,,,"Object",100,,,,,,,,
"inferno_dragon_die",,,,,,,"Effect","sc/effects.sc","RoundExplosion","Death_sparkle_still1","Death_player","Object",100,,,,,,,,
,,,,,,"sound_inferno_dragon_die","SWF",,,,,"Object",,,,,,,,,
"Deploy_ground_fX_mediumSize_nodelay",,,,,,,"ParticleEmitter",,,"knight_deploy_rocks_hitGround",,"Ground",100,,,,,,,,
,,,,,,,"ParticleEmitter",,,"knight_deploy_dustPuff1",,"Ground",,,,,,,,,
,,,,,,,"ParticleEmitter",,,"knight_depoy_dustShadow",,"Shadow",60,,,,,,,,
,,,,,,,"ParticleEmitter",,,"knight_deploy_dustPuff2",,"Object",60,,,,,,,,
,,,,,,,,,,,,,60,,,,,,,,
"challenge_win",,,,,,,"ParticleEmitter",,,"challenge_win",,"Base",,,,,,,,,
"chest_landing_legendary",,,,,,,"SWF",,,,,"Above",,,,,,,,,
,,,,,,,"ParticleEmitter",,,"chest_landing_puff_mega",,"Above",,,,,,,,,
,,,,500,,,"ParticleEmitter",,,"chest_landing_legend_dust",,"Base",,,,,,,,,
,,,,,,,"ParticleEmitter",,,"chest_landing_legendBurst",,"Base",,,,,,,,,
"royal_minion_deploy",,,,,,"sound_royal_minion_deploy","SWF",,,,,"Object",100,,,,,,,,
"royal_minion_steps",,,,,,"sound_royal_minion_steps","SWF",,,,,"Ground",100,,,,,,,,
"royal_minion_attack_start",,,,,,"sound_royal_minion_attack_start","SWF",,,,,"Object",100,,,,,,,,
"royal_minion_attack",,,,,,"sound_royal_minion_attack","SWF",,,,,"Object",100,,,,,,,,
"royal_minion_die",,,,,,,"Effect","sc/effects.sc","RoundExplosion","Death_sparkle_still1","Death_player","Object",100,,,,,,,,
,,,,,,"sound_royal_minion_die","SWF",,,,,"Object",,,,,,,,,
,,,,,,,"ParticleEmitter",,,"mega_minion_die_helmet",,"Object",,,,,,,,,
,,,,670,,,"Effect",,,,"mega_minion_helmet_hit","Base",,,,,,,,,
"snowman_deploy",,,,,,"sound_snowman_deploy","SWF",,,,,"Object",100,,,,,,,,
,,,,,,"sound_snowman_deploy_end","SWF",,,,,"Object",,,,,,,,,
,,,,,,,"Effect",,,"knight_deploy_dustPuff2","Deploy_ground_fX_mediumSize","Object",,,,,,,,,
,,,,,,,,,,,,,60,,,,,,,,
,,,,,,,,,,,,,60,,,,,,,,
,,,,,,,,,,,,,60,,,,,,,,
"snowman_steps",,,,,,"sound_snowman_steps","ParticleEmitter",,,"knight_speps_dust1",,"Ground",100,,,,,,,,
"snowman_attack_start",,,,,,"sound_snowman_attack_start","Effect",,,,,"Object",100,,,,,,,,
"snowman_attack",,,,,,"sound_snowman_attack","SWF",,,,,"Object",100,,,,,,,,
"snowman_hit",,,,,50,"sound_snowman_hit","ParticleEmitter",,,"giant_hitpuff2",,"Object",100,,,,,,,,
,,,,,50,"sound_snowman_hit","ParticleEmitter",,,"giant_hit_puff1",,"Object",,,,,,,,,
,,,,,50,"sound_snowman_hit","ParticleEmitter",,,"giant_hit_sparks",,"Object",,,,,,,,,
"snowman_die",,,,,,,"Effect","sc/effects.sc","RoundExplosion","Death_sparkle_still1","Death_player","Object",100,,,,,,,,
,,,,,,"sound_snowman_die","SWF",,,,,"Object",,,,,,,,,
"inferno_dragon_firehit","true","true",,,,,"ParticleEmitter",,,"inferno_dragon_emitterTrail",,"Object",50,,,,,,,,
,,,,,,,"ParticleEmitter",,,"fireball_trial_spark",,"Above",,,,,,,,,
,,,,,,,"ParticleEmitter",,,"inferno_dragon_glowTrail",,"Above",,,,,,,,,
"IceGolem_slow_loop",,,,,,,"ParticleEmitter",,,"IceGolem_slow_snow",,"Object",,,,,,,,,
,,,,,,,"ParticleEmitter",,,"IceGolem_slow_puff",,"Object",,,,,,,,,
,,,,,,,"ParticleEmitter",,,"IceGolem_slow_puff_shadow",,"Shadow",,,,,,,,,
"IceGolem_slow_ground",,,,,,,"ParticleEmitter",,,"IceGolem_snowPile1",,"Ground",,,,"IceGolem_slow_ground_red",,,,,
,,,,,68,,"ParticleEmitter",,,"IceGolem_ground_area",,"Base",,,,,,,,,
"IceGolem_slow_ground_red",,,,,,,"ParticleEmitter",,,"IceGolem_snowPile1",,"Ground",,,,"IceGolem_slow_ground_red",,,,,
,,,,,68,,"ParticleEmitter",,,"IceGolem_ground_area_red",,"Ground",,,,,,,,,
"Spell_graveyard_cast",,,,,,"sound_graveyard_deploy","Effect",,,,,"Above",,,,,,,,,
"mega_minion_helmet_hit",,"true",,,,,"ParticleEmitter",,,"mega_minion_helmet_smokePuff",,"Object",100,,,,,,,,
,,,,,,,"ParticleEmitter",,,"Mega_Minion_helmet_rockEmitter",,"Object",60,,,,,,,,
"Spell_tornado_deploy",,,,,,,"ParticleEmitter",,,"tornado_rocks",,"Object",,,,"Spell_tornado_deploy_enemy",,,,,
,,,,,,"sound_tornado","SWF","sc/effects.sc","spell_tornado_radius_blue",,,"Base",,,,,,,,,
,,,,,,,"ParticleEmitter",,,"tornado_cloud",,"Object",,,,,,,,,
,,,,,,,"ParticleEmitter",,,"tornado_whirl",,"Above",,,,,,,,,
,,,,,,,"ParticleEmitter",,,"tornado_glow",,"Ground",,,,,,,,,
,,,,,,,"ParticleEmitter",,,"tornado_whirl_ground",,"Ground",,,,,,,,,
,,,,,,,"ParticleEmitter",,,"tornado_whirl",,"Object",,,,,,,,,
,,,,,,,"ParticleEmitter",,,"tornado_cloud2",,"Object",,,,,,,,,
"Spell_tornado_deploy_enemy",,,,,,,"ParticleEmitter",,,"tornado_rocks",,"Object",,,,,,,,,
,,,,,,"sound_tornado","SWF","sc/effects.sc","spell_tornado_radius_red",,,"Base",,,,,,,,,
,,,,,,,"ParticleEmitter",,,"tornado_cloud",,"Base",,,,,,,,,
,,,,,,,"ParticleEmitter",,,"tornado_whirl",,"Base",,,,,,,,,
,,,,,,,"ParticleEmitter",,,"tornado_glow",,"Base",,,,,,,,,
,,,,,,,"ParticleEmitter",,,"tornado_whirl_ground",,"Base",,,,,,,,,
,,,,,,,"ParticleEmitter",,,"tornado_whirl",,"Base",,,,,,,,,
,,,,,,,"ParticleEmitter",,,"tornado_cloud2",,"Base",,,,,,,,,
"spell_clone_ground",,,,,,"sound_clone_spell","SWF","sc/effects.sc","clone_effect_ground",,,"Base",,,,,,,,,
,,,,,,,"SWF","sc/effects.sc","spell_clone_radius_blue",,,"Base",,,,,,,,,
,,,,,,,"ParticleEmitter","sc/effects.sc","spell_poison_radius_blue","clone_sparkle1",,"Object",,,,,,,,,
"hologram_loop","true",,,,,,"ParticleEmitter",,,"clone_emitter",,"Above",,,,,,,,,
"mega_minion_hit",,,,,,"Arrow hit","SWF",,,,,"Object",100,,,,,,,,
,,,,,,,"ParticleEmitter",,,"mega_minion_hit_sparks",,"Above",,,,,,,,,
,,,,,,,"ParticleEmitter",,,"Mega_minion_hit_puff",,"Above",,,,,,,,,
"spell_clone_ground_enemy",,,,,,,"SWF","sc/effects.sc","clone_effect_ground",,,"Base",,,,"spell_clone_ground_enemy",,,,,
,,,,,,,"SWF","sc/effects.sc","spell_clone_radius_red",,,"Base",,,,,,,,,
,,,,,,,"ParticleEmitter","sc/effects.sc","spell_poison_radius_blue","clone_sparkle1",,"Object",,,,,,,,,
"electro_wizard_deploy",,,,,,"sound_electro_wizard_deploy","SWF",,,,,"Object",,,,,,,,,
,,,,,,"sound_electro_wizard_deploy_vo","SWF",,,,,"Object",100,,,,,,,,
,,,,300,,,"ParticleEmitter",,,"knight_deploy_dustPuff1",,"Ground",,,,,,,,,
,,,,300,,,"ParticleEmitter",,,"knight_deploy_dustPuff2",,"Object",,,,,,,,,
,,,,,,,,,,,,,,,,,,,,,
,,,,,,,,,,,,,,,,,,,,,
,,,,,,,,,,,,,60,,,,,,,,
,,,,,,,,,,,,,60,,,,,,,,
"electro_wizard_steps","true",,,,,"sound_electro_wizard_steps","SWF",,,,,"Ground",100,,,,,,,,
"electro_wizard_attack_start",,,,,,"sound_electro_wizard_attack_start","SWF",,,,,"Object",100,,,,,,,,
,,,,,,"sound_electro_wizard_attack_vo","SWF",,,,,"Object",100,,,,,,,,
"electro_wizard_hit",,,,,,"sound_electro_wizard_hit","ParticleEmitter",,,,,"Ground",100,,,,,,,,
,,,,-100,,,"ParticleEmitter",,,"electro_wizard_hit_burst",,"Object",,,,,,,,,
,,,,,,,"ParticleEmitter",,,"electro_wizard_hit_puff",,"Above",,,,,,,,,
,,,,100,,,"ParticleEmitter",,,"electro_wizard_electric_hit",,"Above",,,,,,,,,
"electro_wizard_die",,,,,,,"Effect","sc/effects.sc","RoundExplosion","Death_sparkle_still1","Death_player","Object",100,,,,,,,,
,,,,,,"sound_electro_wizard_die","SWF",,,,,"Object",,,,,,,,,
"electro_wizard_beam",,,,,,"sound_electro_wizard_beam","SWF","sc/effects.sc","electro_wiz_beam",,,"Above",,,,,80,,,,
"jungle_arena_rain","true",,,2500,,,"ParticleEmitter",,,"jungle_arena_rain",,"Above",,,,,,,,,
,,,,,,,"ParticleEmitter","sc/level_jungle_arena.sc","jungle_vfx_lightning_01","jungle_arena_flash",,"Above",,,,,,,,,
"jungle_arena_firefly_01","true",,,,,,"ParticleEmitter","sc/level_jungle_arena.sc","jungle_vfx_lightning_01","jungle_arena_firefly_01",,"Ground",,,,,,,,,
"jungle_arena_firefly_02","true",,,,,,"ParticleEmitter","sc/level_jungle_arena.sc","jungle_vfx_lightning_01","jungle_arena_firefly_02",,"Ground",,,,,,,,,
"jungle_arena_firefly_03","true",,,,,,"ParticleEmitter","sc/level_jungle_arena.sc","jungle_vfx_lightning_01","jungle_arena_firefly_03",,"Ground",,,,,,,,,
"jungle_arena_walk_splash",,,,,,,"SWF","sc/level_jungle_arena.sc","jungle_vfx_splash_01","jungle_arena_splash",,"Ground",,,,,,,,,
"barbarian_deploy_nodelay",,,,,,"sound_barbarian_deploy","SWF",,,,,"Object",100,,,,,,,,
,,,,,,,"Effect",,,,"Deploy_ground_fX_mediumSize_nodelay","Base",,,,,,,,,
"battleram_deploy_nodelay",,,,,,"sound_battleram_deploy","SWF",,,,,"Object",100,,,,,,,,
,,,,,,,"Effect",,,,"Deploy_ground_fX_mediumSize_nodelay","Base",,,,,,,,,
"battle_ram_hit_sfx",,,,,,"sound_battle_ram_hit","SWF",,,,,"Object",100,,,,,,,,
"battle_ram_hit",,,500,,,,"ParticleEmitter",,,"zapmachine_spechit_smoke",,"Above",100,,,,,,,,
,,,,,,,"ParticleEmitter",,,"battle_ram_log_drop",,"Object",,,,,,,,,
,,,,,,,"ParticleEmitter",,,"battle_ram_log_planks",,"Ground",,,,,,,,,
,,,,,,,"ParticleEmitter",,,"battle_ram_log_planks2",,"Ground",,,,,,,,,
,,,,,,,"ParticleEmitter",,,"zapMachine_smallHit",,"Base",,,,,,,,,
,,,,,,,"ParticleEmitter",,,"battle_ram_planks_inverse",,"Base",,,,,,,,,
,,,,,,,"ParticleEmitter",,,"Battle_ram_hit_debris",,"Base",,,,,,,,,
"rain_splash",,,,,,,"SWF","sc/level_jungle_arena.sc","jungle_vfx_splash_01","jungle_arena_splash",,"Ground",,,,,,,,,
"battle_ram_die",,,,50,,,"ParticleEmitter",,,"battle_ram_log_planks",,"Object",100,,,,,,,,
,,,,50,,,"ParticleEmitter",,,"battle_ram_log_planks2",,"Object",,,,,,,,,
,,,,150,,,"ParticleEmitter",,,"Battle_ram_die_smoke",,"Base",,,,,,,,,
,,,,,,,"ParticleEmitter",,,"battle_ram_log_drop_die",,"Object",,,,,,,,,
"barbarian_king_hit",,,500,,,"sound_barbarian_hit","SWF",,,,,"Object",100,,,,,,,,
,,,,,,,"ParticleEmitter",,,"Spell_zap_smoke1",,"Base",,,,,,,,,
"blowdart_goblin_attack",,"true",,,,,"ParticleEmitter",,,"blowdart_goblin_attack_puff",,"Object",100,,,,,,,,
,,,,,,,,,,,,,60,,,,,,,,
,,,,,,,,,,,,,60,,,,,,,,
"axe_man_projectile_hit",,"true",,,,,"ParticleEmitter",,,"axe_man_projectile_hit_puff",,"Above",100,,,,,,,,
,,,,,,,"ParticleEmitter",,,"axe_man_projectile_hit_sparks",,"Above",60,,,,,,,,
,,,,,,,,,,,,,60,,,,,,,,
"axe_man_projectile_die",,,,250,,,"ParticleEmitter",,,"knight_deploy_dustPuff1",,"Object",100,,,,,,,,
,,,,-20,,,"ParticleEmitter",,,"axeman_axe_particle",,"Object",100,,,,,,,,
,,,,,,,,,,,,,100,,,,,,,,
,,,,,,,,,,,,,100,,,,,,,,
"AxeProjectileEmitter","true",,,,,,"ParticleEmitter",,,"Axe_man_projectile_emitter",,"Above",50,,,,,,,,
"BlowdartProjectileEmitter","true",,,,,,"ParticleEmitter",,,"Blowdart_arrow_emitter",,"Above",50,,,,,,,,
"BlowdartArrowHit",,,,,,"sound_blowdart_hit","ParticleEmitter",,,"blowdart_goblin_attack_puff",,"Object",,,,,,,,,
,,,,,,"sound_blowdart_hit","ParticleEmitter",,,"blowdart_hit_sparks",,"Above",,,,,,,,,
"assassin_deploy",,,,,,"sound_assassin_deploy","SWF",,,,,"Object",100,,,,,,,,
"assassin_steps","true",,,,,"sound_assassin_steps","SWF",,,,,"Ground",100,,,,,,,,
"assassin_attack_start","true",,,,,"sound_assassin_attack_start","SWF",,,,,"Object",100,,,,,,,,
"assassin_dash_start",,,,,,"sound_assassin_charge","SWF",,,,,"Above",,,,,,,,,
,,,,,100,,"ParticleEmitter",,,"assassin_buff",,"Above",,,,,,,,,
"assassin_dashing",,"true",,,,"sound_assassin_dashing","SWF",,,,,"Above",,,,,,,,,
,,,,,,,"ParticleEmitter",,,"assassin_dashing",,"Ground",,,,,,,,,
"assasin_dashing_red",,"true",,,,"sound_assassin_dashing","SWF",,,,,"Above",,,,,,,,,
,,,,,,,"ParticleEmitter",,,"assassin_dashing_red",,"Ground",,,,,,,,,
"assassin_dash_end",,,,,,"sound_assassin_dash_end","SWF",,,,,"Above",,,,,,,,,
,,,,,100,,"ParticleEmitter",,,"assassin_buff",,"Above",,,,,,,,,
"assassin_hit",,,,,,"sound_assassin_hit","SWF",,,,,"Object",100,,,,,,,,
"assassin_hit_special",,,500,100,80,"sound_assassin_hit_special","ParticleEmitter",,,"assassin_hit_special_smoke",,"Above",100,,,,,,,,
,,,,,100,,"ParticleEmitter",,,"assassin_hit_special",,"Above",,,,,,,,,
,,,,,100,,"ParticleEmitter",,,"assassin_hit_special_blue_puff",,"Above",,,,,,,,,
"assassin_die",,,,,,,"Effect","sc/effects.sc","RoundExplosion","Death_sparkle_still1","Death_player","Object",100,,,,,,,,
,,,,,,"sound_assassin_die","SWF",,,,,"Object",,,,,,,,,
"Healing_enemy",,"true",,,,"sound_heal_spell","ParticleEmitter",,,"heal_ground",,"Base",100,,,,,,,,
,,,,,,,"ParticleEmitter",,,"heal_ground_ring_enemy",,"Base",,,,,,,,,
,,,,,,,"ParticleEmitter",,,"heal_border_burst",,"Base",,,,,,,,,
,,,,,,,"ParticleEmitter",,,"heal_border_burst2",,"Base",,,,,,,,,
,,,,,,,"ParticleEmitter",,,"heal_effect_border_smoke",,"Base",,,,,,,,,
,,,,,,,"ParticleEmitter",,,"heal_particle_lines",,"Object",,,,,,,,,
,,,,,,,"ParticleEmitter",,,"heal_cross",,"Object",,,,,,,,,
"league_skull_eye_fx","true",,,,,,"ParticleEmitter",,,"league_skull_fire_eye_emmitter",,"Object",,,,,,,,,
,,,,,,,"ParticleEmitter",,,"league_skull_eye_spark_emitter",,"Above",,,,,,,,,
"league_bg_vfx_01","true",,,,,,"ParticleEmitter",,,"league_bg_amber_03",,"Base",,,,,,,,,
,,,,,,,"ParticleEmitter",,,"league_bg_amber_02",,"Base",,,,,,,,,
"league_bg_vfx_02","true",,,,,,"ParticleEmitter",,,"league_bg_amber_02",,"Base",,,,,,,,,
,,,,,,,"ParticleEmitter",,,"league_bg_amber_emitter",,"Base",,,,,,,,,
,,,,,,,"ParticleEmitter",,,"league_bg_amber_03",,"Base",,,,,,,,,
,,,,,,,"ParticleEmitter",,,"league_bg_bokeh_02",,"Base",,,,,,,,,
,,,,,,,"ParticleEmitter",,,"league_bg_amber_02",,"Base",,,,,,,,,
"minion_witch_deploy",,,,,,"sound_witch_deploy_skeleton","ParticleEmitter",,,"minion_pulse",,"Object",100,,,,,,,,
"league_ultimate_sparkle","true",,,,,,"ParticleEmitter",,,"league_ultimate_sparkle_emitter",,"Above",50,,,,,,,,
,,,,,,,"ParticleEmitter",,,"league_ultimate_amber_emitter",,"Above",,,,,,,,,
,,,,,,,"ParticleEmitter",,,"league_ultimate_sparkle_emitter_2",,"Above",,,,,,,,,
"king_2v2_die",,,,,,"sound_king_player_die","SWF",,,,,"Object",,,,,,,,,
,,,2000,50,,,"ParticleEmitter",,,"TargetDummy_planks",,"Object",,,,,,,,,
,,,,,,,"ParticleEmitter",,,"FireRingEmitter",,"Object",,,,,,,,,
,,,,250,,,"ParticleEmitter",,,"TargetDummy_smoke",,"Object",,,,,,,,,
,,,,,,,"ParticleEmitter",,,"TowerExplode_rockEmitter",,"Object",,,,,,,,,
,,,,,,,"ParticleEmitter",,,"2v2_tower_destroyed_ground",,"Base",,,,,,,,,
,,,,,,,"ParticleEmitter",,,"Big_rock_particle1",,"Object",,,,,,,,,
,,,,,,,"ParticleEmitter",,,"TargetDummy_planks2",,"Object",,,,,,,,,
,,,,,,,"ParticleEmitter",,,"2v2_rocks_destroyrd",,"Base",,,,,,,,,
,,,,,,,"ParticleEmitter",,,"2v2_dirt_destroyed",,"Base",,,,,,,,,
"league_bg_vfx_03","true",,,,,,"ParticleEmitter",,,"league_bg_amber_02",,"Base",,,,,,,,,
,,,,,,,"ParticleEmitter",,,"league_bg_amber_emitter",,"Base",,,,,,,,,
,,,,,,,"ParticleEmitter",,,"league_bg_amber_04",,"Base",,,,,,,,,
,,,,,,,"ParticleEmitter",,,"league_bg_amber_02",,"Base",,,,,,,,,
,,,,,,,"ParticleEmitter",,,"league_bg_amber_02",,"Base",,,,,,,,,
"league_bg_vfx_05","true",,,,,,"ParticleEmitter",,,"league_bg_godrays_empty",,"Base",,,,,,,,,
"league_bg_vfx_04","true",,,,,,"ParticleEmitter",,,"league_bg_godrays_empty",,"Base",,,,,,,,,
"league_bg_vfx_06","true",,,,,,"ParticleEmitter",,,"league_bg_godrays_01",,"Base",,,,,,,,,
"bat_deploy",,,,,,"sound_bat_deploy","SWF",,,,,"Object",100,,,,,,,,
"bat_dark_witch_spawn",,,,300,,"sound_dark_witch_deploy_bat","ParticleEmitter",,,"bat_DW_spawn",,"Object",100,,,,,,,,
"bat_steps","true",,,,,"sound_bat_steps","SWF",,,,,"Ground",100,,,,,,,,
"bat_attack_start","true",,,,,"sound_bat_attack_start","SWF",,,,,"Object",100,,,,,,,,
"bat_hit",,,,,,"sound_bat_hit","SWF",,,,,"Object",100,,,,,,,,
"bat_die",,,,,,"sound_bat_die","SWF",,,,,"Object",100,,,,,,,,
,,,,,,,"ParticleEmitter",,,"Death_elixir_burst1_small",,"Base",,,,,,,,,
,,,,,,,"ParticleEmitter",,,"Death_enemy_puff_small",,"Base",,,,,,,,,
,,,,,25,,"ParticleEmitter",,,"Death_blue_smoke_shadow",,"Shadow",,,,,,,,,
,,,,,75,,"ParticleEmitter",,,"Death_elixir_ground1_small",,"Ground",,,,,,,,,
"dark_witch_deploy",,,,,,"sound_dark_witch_deploy","SWF",,,,,"Object",100,,,,,,,,
,,,,,,,"Effect",,,,"Deploy_ground_fX_mediumSize","Base",,,,,,,,,
"dark_witch_steps",,,,,,"sound_dark_witch_steps","SWF",,,,,"Ground",100,,,,,,,,
"dark_witch_attack_start",,,,,,"sound_dark_witch_attack_start","SWF",,,,,"Object",100,,,,,,,,
"dark_witch_hit",,,,,,"sound_dark_witch_hit","SWF",,,,,"Object",100,,,,,,,,
,,,,,,,"ParticleEmitter",,,"dark_witch_hit_burst",,"Above",,,,,,,,,
,,,,,,,"ParticleEmitter",,,"dark_witch_hit_smoke",,"Object",,,,,,,,,
"dark_witch_die",,,,,,,"Effect","sc/effects.sc","RoundExplosion","Death_sparkle_still1","Death_player","Object",100,,,,,,,,
,,,,,,"sound_dark_witch_die","SWF",,,,,"Object",,,,,,,,,
"waterfall_haze","true",,,,,,"ParticleEmitter",,,"water_fall_haze_emmiter",,"Ground",50,,,,,,,,
,,,,,,,"ParticleEmitter",,,"waterfall_cloud",,"Object",,,,,,,,,
,,,,,,,"ParticleEmitter",,,"waterfall_bubbles",,"Object",,,,,,,,,
"legendary_arena_loop",,,,,,,"ParticleEmitter",,,"confetti_legendary_arena",,"Above",,,,,,,,,
,,,,,,,"ParticleEmitter",,,"confetti_legendary_arena",,"Above",,,,,,,,,
"assassin_hit_special_red",,,500,100,80,"sound_assassin_hit_special","ParticleEmitter",,,"assassin_hit_special_smoke",,"Above",100,,,"assassin_hit_special",,,,,
,,,,,100,,"ParticleEmitter",,,"assassin_hit_special_red",,"Above",,,,,,,,,
,,,,,100,,"ParticleEmitter",,,"assassin_hit_special_red_puff",,"Above",,,,,,,,,
"chest_open_legendary_sparkle","true",,,,,,"ParticleEmitter",,,"league_ultimate_sparkle_emitter",,"Above",50,,,,,,,,
,,,,,,,"ParticleEmitter",,,"league_ultimate_amber_emitter",,"Above",,,,,,,,,
,,,,,,,"ParticleEmitter",,,"zapmachine_cont_sparks1",,"Above",,,,,,,,,
"card_legendary_reveal_001","true",,,,,,"ParticleEmitter",,,"card_legendary_reveal_gather_001",,"Above",50,,,,,,,,
,,,,,,,"ParticleEmitter",,,"arena_levelup_sparks",,"Above",,,,,,,,,
,,,,,,,"ParticleEmitter",,,"arena_levelup_burst",,"Above",,,,,,,,,
"card_legendary_reveal_002",,,30,,,,"ParticleEmitter",,,"card_legendary_reveal_explode_002",,"Above",50,,,,,,,,
,,,,,,,"ParticleEmitter",,,"card_legendary_reveal_explode_001",,"Above",,,,,,,,,
,,,,,,,"ParticleEmitter",,,"card_legendary_reveal_explode",,"Above",,,,,,,,,
,,,,,,,"ParticleEmitter",,,"chest_landing_puff_giant",,"Above",,,,,,,,,
,,,,,,,"ParticleEmitter",,,"xp_levelup_flash",,"Above",,,,,,,,,
,,,,,,,"ParticleEmitter",,,"xp_levelup_burst",,"Above",,,,,,,,,
"card_exclusive_reveal_001",,,3,,,,"ParticleEmitter",,,"card_legendary_reveal_explode_002",,"Above",50,,,,,,,,
,,,,,,,"ParticleEmitter",,,"chest_landing_puff",,"Above",,,,,,,,,
,,,,,,,"ParticleEmitter",,,"card_legendary_reveal_explode_001",,"Above",,,,,,,,,
,,,,,,,"ParticleEmitter",,,"card_legendary_reveal_explode_001",,"Above",,,,,,,,,
"card_exclusive_reveal_002",,,8,,,,"ParticleEmitter",,,"card_legendary_reveal_explode_002",,"Above",50,,,,,,,,
,,,,,,,"ParticleEmitter",,,"chest_landing_puff",,"Above",,,,,,,,,
,,,,,,,"ParticleEmitter",,,"card_legendary_reveal_explode_001",,"Above",,,,,,,,,
,,,,,,,"ParticleEmitter",,,"card_legendary_reveal_explode_002",,"Above",,,,,,,,,
,,,,,,,"ParticleEmitter",,,"card_legendary_reveal_explode_001",,"Above",,,,,,,,,
"card_exclusive_reveal_003",,,15,,,,"ParticleEmitter",,,"card_legendary_reveal_explode_002",,"Above",50,,,,,,,,
,,,,,,,"ParticleEmitter",,,"chest_landing_puff_giant",,"Above",,,,,,,,,
,,,,,,,"ParticleEmitter",,,"card_legendary_reveal_explode_001",,"Above",,,,,,,,,
,,,,,,,"ParticleEmitter",,,"card_legendary_reveal_explode_002",,"Above",,,,,,,,,
,,,,,,,"ParticleEmitter",,,"card_legendary_reveal_explode",,"Above",,,,,,,,,
,,,,,,,"ParticleEmitter",,,"card_legendary_reveal_explode",,"Above",,,,,,,,,
"card_exclusive_reveal_004",,,25,,,,"ParticleEmitter",,,"card_legendary_reveal_explode_002",,"Above",50,,,,,,,,
,,,,,,,"ParticleEmitter",,,"chest_landing_puff_mega",,"Above",,,,,,,,,
,,,,,,,"ParticleEmitter",,,"card_legendary_reveal_explode_001",,"Above",,,,,,,,,
,,,,,,,"ParticleEmitter",,,"xp_levelup_flash",,"Above",,,,,,,,,
,,,,,,,"ParticleEmitter",,,"card_legendary_reveal_explode",,"Above",,,,,,,,,
,,,,,,,"ParticleEmitter",,,"card_legendary_reveal_explode",,"Above",,,,,,,,,
"mega_knight_deploy",,,,250,,"sound_mega_knight_deploy","Effect",,,,,"Base",,,,,,,,,
"mega_knight_deploy_end",,,500,10,,,"Effect",,,,"mega_knight_deploy_compile","Base",100,,,,,,,,
,,,,,,,"ParticleEmitter",,,"mega_knight_sparks_hit_ground2",,"Ground",,,,,,,,,
"mega_knight_steps",,,,,,"sound_mega_knight_steps","SWF",,,,,"Object",100,,,,,,,,
"mega_knight_attack_start",,,,,,"sound_mega_knight_attack_start","SWF",,,,,"Object",100,,,,,,,,
"mega_knight_dash_start",,,,,,"sound_mega_knight_charge","SWF",,,,,"Above",,,,,,,,,
,,,,,100,,"ParticleEmitter",,,"assassin_buff",,"Above",,,,,,,,,
"mega_knight_dashing",,"true",,,,"sound_mega_knight_dashing","SWF",,,,,"Above",,,,,,,,,
"mega_knight_dash_end",,,350,,25,"sound_mega_knight_dash_end","Effect",,,,"mega_knight_deploy_compile","Above",100,,,,,,,,
"mega_knight_hit",,,,,,"sound_mega_knight_hit","ParticleEmitter",,,"mega_knight_hitPuff","ragebarbarian_hit","Object",100,,,,,,,,
,,,,,,,"ParticleEmitter",,,"mega_knight_sparks_hit",,"Above",,,,,,,,,
"mega_knight_die",,,,,,"sound_mega_knight_die","Effect","sc/effects.sc","RoundExplosion","Death_sparkle_still1","Death_player","Object",100,,,,,,,,
,,,,,,,"ParticleEmitter",,,"mega_knight_gloves",,"Object",,,,,,,,,
"moving_cannon_deploy",,,,,,"sound_moving_cannon_deploy","SWF",,,,,"Object",100,,,,,,,,
,,,,,,,"Effect",,,,"Deploy_ground_fX_mediumSize","Base",,,,,,,,,
"moving_cannon_steps",,,,,,"sound_moving_cannon_steps","SWF",,,,,"Ground",100,,,,,,,,
"moving_cannon_fire_projectile",,,,,,"Cannon Fire","ParticleEmitter",,,"cannon_glow_top",,"Above",1,,,,,,,,
,,,,,,,"ParticleEmitter",,,"cannon_smoke1",,"Above",,,,,,,,,
,,,,,,,"ParticleEmitter",,,"cannon_firePareticles",,"Object",,,,,,,,,
,,,,,,,"ParticleEmitter",,,"cannon_glow",,"Object",,,,,,,,,
,,,,,,,"ParticleEmitter",,,"cannon_smoke_shadow",,"Shadow",,,,,,,,,
"moving_cannon_hit",,"true",,,,"sound_moving_cannon_hit","ParticleEmitter",,,"cannon_hit_rock_emiter",,"Object",100,,,,,,,,
,,,,,,,"ParticleEmitter",,,"cannon_hit_smokePuff",,"Object",60,,,,,,,,
,,,,,,,,,,,,,60,,,,,,,,
"moving_cannon_die",,,,,,"sound_moving_cannon_die","SWF",,,"giant_deploy_dustPuff",,"Object",100,,,,,,,,
,,,,,,,"ParticleEmitter",,,"moving_cannon_die_dustPuff",,"Ground",,,,,,,,,
,,,,,,,"ParticleEmitter",,,"moving_cannon_die_dustPuff_shadow",,"Shadow",,,,,,,,,
,,,,,,,"ParticleEmitter",,,"moving_cannon_die_planks",,"Object",,,,,,,,,
,,,,,,,"ParticleEmitter",,,"moving_cannon_die_wheels",,"Object",,,,,,,,,
"broken_cannon_deploy",,,,,,"sound_broken_cannon_deploy","SWF",,,,,"Object",100,,,,,,,,
"broken_cannon_fire_projectile",,,,,,"Cannon Fire","ParticleEmitter",,,"cannon_glow_top",,"Above",1,,,,,,,,
,,,,,,,"ParticleEmitter",,,"cannon_smoke1",,"Above",,,,,,,,,
,,,,,,,"ParticleEmitter",,,"cannon_firePareticles",,"Object",,,,,,,,,
,,,,,,,"ParticleEmitter",,,"cannon_glow",,"Object",,,,,,,,,
,,,,,,,"ParticleEmitter",,,"cannon_smoke_shadow",,"Shadow",,,,,,,,,
"broken_cannon_hit",,"true",,,,"sound_broken_cannon_hit","ParticleEmitter",,,"cannon_hit_rock_emiter",,"Object",100,,,,,,,,
,,,,,,,"ParticleEmitter",,,"cannon_hit_smokePuff",,"Object",60,,,,,,,,
,,,,,,,,,,,,,60,,,,,,,,
"broken_cannon_die",,,,,,"sound_broken_cannon_die","Effect",,,"giant_deploy_dustPuff","Cannon_die","Object",100,,,"giant_deploy_enemy",,,,,
,,,,,40,,"ParticleEmitter",,,"moving_cannon_die_dustPuff",,"Ground",,,,,,,,,
,,,,,40,,"ParticleEmitter",,,"moving_cannon_die_dustPuff_shadow",,"Shadow",,,,,,,,,
,,,,,80,,"ParticleEmitter",,,"moving_cannon_die_planks",,"Object",,,,,,,,,
"skeleton_balloon_deploy",,,,,,"sound_skeleton_balloon_deploy","SWF",,,,,"Above",,,,,,,,,
"skeleton_balloon_steps","true",,,,,"sound_skeleton_balloon_steps","SWF",,,,,"Ground",100,,,,,"true",,,
"skeleton_balloon_attack_start",,,,,,"sound_skeleton_balloon_attack_start","SWF",,,,,"Above",,,,,,,,,
"skeleton_balloon_hit",,,350,,,"sound_skeleton_balloon_hit","ParticleEmitter",,,"catapult_rock_Emitter",,"Object",60,,,,,,,,
,,,,,,,"ParticleEmitter",,,"catapult_hit_smoke",,"Object",60,,,,,,,,
,,,,,,,"ParticleEmitter",,,"catapult_smokePuff",,"Object",60,,,,,,,,
,,,,,,,"ParticleEmitter",,,"catapult_grass_emitter",,"Ground",,,,,,,,,
,,,,,,,"ParticleEmitter",,,"catapult_hit_shadow",,"Shadow",,,,,,,,,
"skeleton_balloon_die",,,,,,"sound_skeleton_balloon_die","SWF",,,,,"Object",100,,,"skeleton_balloon_die_red",,,,,
,,,,,,,"ParticleEmitter",,,"skeleton_ballon_pop1_fx",,"Above",,,,,,,,,
,,,,,,,"ParticleEmitter",,,"skeleton_balloon_pop_die_blue",,"Above",,,,,,,,,
"skeleton_container_explosion",,,,,,"sound_skeleton_container_explosion","ParticleEmitter",,,"TargetDummy_planks",,"Above",,,,,,,,,
,,,,,,,"ParticleEmitter",,,"BlueSparkEmitter",,"Object",,,,,,,,,
,,,,,,,"ParticleEmitter",,,"catapult_rock_Emitter",,"Object",,,,,,,,,
,,,,,,,"ParticleEmitter",,,"TargetDummy_planks2",,"Above",,,,,,,,,
,,,,,,,"ParticleEmitter",,,"knight_deploy_dustPuff2",,"Base",,,,,,,,,
"flying_machine_deploy",,,,,,"sound_flying_machine_deploy","SWF",,,,,"Object",100,,,,,,,,
,,,,,,,"Effect",,,,"Deploy_flying_machine","Base",,,,,,,,,
"flying_machine_steps","true",,,,,"sound_flying_machine_steps","SWF",,,,,"Ground",100,,,,,,,,
"flying_machine_attack",,,,,,"sound_flying_machine_attack","SWF",,,,,"Object",100,,,,,,,,
,,,,,,,"Effect",,,,"flying_machine_projectile_fx","Base",,,,,,,,,
"flying_machine_attack_start",,,,,,"sound_flying_machine_attack_start","SWF",,,,,"Object",100,,,,,,,,
"flying_machine_hit",,,,,,"sound_flying_machine_hit","SWF",,,,,"Object",100,,,,,,,,
"flying_machine_die",,,,,,"sound_flying_machine_die","Effect","sc/effects.sc","RoundExplosion","Death_sparkle_still1","Death_player","Object",100,,,,,,,,
,,,,,,,"ParticleEmitter",,,"BlueSparkEmitter",,"Base",,,,,,,,,
,,,,,,,"ParticleEmitter",,,"TargetDummy_planks",,"Base",,,,,,,,,
"mega_knight_deploy_compile",,,,,,,"ParticleEmitter",,,"mega_knight_rocks_hit",,"Ground",,,,,,,,,
,,,,,,,"ParticleEmitter",,,"mega_knight_dustPuff",,"Object",,,,,,,,,
,,,,,,,"ParticleEmitter",,,"mega_knight_sparks",,"Object",60,,,,,,,,
,,,,,,,"ParticleEmitter",,,"mega_knight_sparks_hit",,"Object",60,,,,,,,,
,,,,,,,"ParticleEmitter",,,"mega_knight_sparks_hit_ground",,"Ground",60,,,,,,,,
"flying_machine_projectile_fx",,,,,,"sound_royal_giant_projectile_fx","SWF",,,,,"Object",100,,,,,,,,
,,,,,,,"ParticleEmitter","sc/effects.sc","giant_hit_blow","cannon_firePareticles",,"Object",,,,,,,,,
,,,,,,,"ParticleEmitter","sc/effects.sc","giant_hit_blow","cannon_glow",,"Object",,,,,,,,,
,,,,,,,"ParticleEmitter","sc/effects.sc","giant_hit_blow","cannon_glow_top",,"Object",,,,,,,,,
,,,,,,,"ParticleEmitter","sc/effects.sc","giant_hit_blow","cannon_smoke1",,"Object",,,,,,,,,
"skeleton_balloon_pop1",,,,,,"sound_skeleton_balloon_pop1","SWF",,,,,"Object",100,,,"skeleton_balloon_pop1_red",,,,,
,,,,,,,"ParticleEmitter",,,"skeleton_ballon_pop1_fx",,"Above",,,,,,,,,
,,,,,,,"ParticleEmitter",,,"skeleton_balloon_pop1_blue",,"Above",,,,,,,,,
"skeleton_balloon_pop2",,,,,,"sound_skeleton_balloon_pop2","SWF",,,,,"Object",100,,,"skeleton_balloon_pop2_red",,,,,
,,,,,,,"ParticleEmitter",,,"skeleton_balloon_pop2_fx",,"Above",,,,,,,,,
,,,,,,,"ParticleEmitter",,,"skeleton_balloon_pop2_blue",,"Above",,,,,,,,,
"skeleton_balloon_pop2_red",,,,,,"sound_skeleton_balloon_pop2","SWF",,,,,"Object",100,,,,,,,,
,,,,,,,"ParticleEmitter",,,"skeleton_balloon_pop2_fx",,"Above",,,,,,,,,
,,,,,,,"ParticleEmitter",,,"skeleton_balloon_pop2_red",,"Above",,,,,,,,,
"skeleton_balloon_pop1_red",,,,,,"sound_skeleton_balloon_pop1","SWF",,,,,"Object",100,,,,,,,,
,,,,,,,"ParticleEmitter",,,"skeleton_ballon_pop1_fx",,"Above",,,,,,,,,
,,,,,,,"ParticleEmitter",,,"skeleton_balloon_pop1_red",,"Above",,,,,,,,,
"skeleton_balloon_die_red",,,,,,"sound_skeleton_balloon_die","SWF",,,,,"Object",100,,,,,,,,
,,,,,,,"ParticleEmitter",,,"skeleton_ballon_pop1_fx",,"Above",,,,,,,,,
,,,,,,,"ParticleEmitter",,,"skeleton_balloon_pop_die_red",,"Above",,,,,,,,,
"skeleton_balloon_die_elixir",,,,,,,"ParticleEmitter",,,"Death_elixir_burst1_small",,"Object",,,,,,,,,
,,,,,,,"ParticleEmitter","sc/effects.sc","BloodCloud","Death_enemy_puff_small",,"Object",,,,,,,,,
"shop_gob_sparkle","true",,,,,,"ParticleEmitter",,,"shop_gob_sparkle_emitter",,"Above",50,,,,,,,,
,,,,,,,"ParticleEmitter",,,"shop_gob_bokeh_emitter",,"Above",,,,,,,,,
,,,,,,,"ParticleEmitter",,,"shop_gob_sparkle_emitter2",,"Above",,,,,,,,,
"Deploy_flying_machine","true",,,300,,,"ParticleEmitter",,,"flying_machine_dustPuff",,"Object",100,,,,,,,,
,,,,,,,,,,,,,,,,,,,,,
,,,,,,,,,,,,,60,,,,,,,,
,,,,,,,,,,,,,60,,,,,,,,
,,,,,,,,,,,,,60,,,,,,,,
