"Name","FileNames","MinVolume","MaxVolume","MinPitch","MaxPitch","Priority","MaximumByType","MaxRepeatMs","Loop","PlayVariationsInSequence","PlayVariationsInSequenceManualReset","StartDelayMinMs","StartDelayMaxMs","PlayOnlyWhenInView","MaxVolumeScaleLimit","NoSoundScaleLimit","PadEmpyToEndMs"
"string","string","int","int","int","int","int","int","int","boolean","boolean","boolean","int","int","boolean","int","int","int"
"60sec_warn_01","sfx/60_sec_warn_02_v2.wav",80,80,100,100,1,1,,,,,,,,,,
"30sec_warn_01","sfx/60_sec_warn_02_v2.wav",90,90,119,119,1,1,,,,,,,,,,
"ScrollAmb01","sfx/dummy_01.wav",1,1,100,100,1,1,,,,,,,,,,
"Menu swipe","sfx/menu_swipe_09.wav",30,30,98,102,1,2,,,,,,,,,,
"Menu updown swipe","sfx/up_down_swipe_01.wav",25,28,97,103,1,1,,,,,,,,,,
"Countdown_10","sfx/10_cd_02.wav",84,84,100,100,1,3,,,,,,,,,,
"Countdown_9","sfx/9_cd_02.wav",86,86,100,100,1,3,,,,,,,,,,
"Countdown_8","sfx/8_cd_02.wav",88,88,100,100,1,3,,,,,,,,,,
"Countdown_7","sfx/7_cd_02.wav",90,90,100,100,1,3,,,,,,,,,,
"Countdown_6","sfx/6_cd_02.wav",92,92,100,100,1,3,,,,,,,,,,
"Countdown_5","sfx/5_cd_02.wav",94,94,100,100,1,3,,,,,,,,,,
"Countdown_4","sfx/4_cd_02.wav",96,96,100,100,1,3,,,,,,,,,,
"Countdown_3","sfx/3_cd_02.wav",100,100,100,100,1,3,,,,,,,,,,
"Countdown_2","sfx/2_cd_02.wav",100,100,100,100,1,3,,,,,,,,,,
"Countdown_1","sfx/1_cd_02.wav",100,100,100,100,1,3,,,,,,,,,,
"ButtonClick","sfx/button_click_02.wav",60,60,100,100,1,3,,,,,,,,,,
"ButtonClick2","sfx/menu_click_06.wav",50,50,100,100,1,3,,,,,,,,,,
"AttackButton","sfx/attack_button_01.wav",60,60,100,100,1,3,,,,,,,,,,
"SpellCasting","sfx/spellcast01.wav",30,35,96,104,1,2,,,,,,,,,,
"CharacterDeploy","sfx/dummy_01.wav",1,1,98,102,3,1,,,,,,,,,,
"Arrow fire","sfx/archer_queen_attack_02.wav",45,50,98,102,1,3,,,,,,,,,,
"Fire ball","sfx/fire_ball_02.wav",50,60,98,102,1,3,,,,,,,,,,
"Fire ball explo","sfx/fire_ball_explo_02.wav",50,60,97,103,1,2,,,,,,,,,,
"Arrow volley hit","sfx/arrow_norm_impact_06.wav",55,60,95,105,2,1,,,,,,,,,,
"Spell available","sfx/card_ready_02.wav",40,40,100,100,1,1,,,,,,,,,,
"Legendary spell available","sfx/legendary_available_02.wav",50,50,100,100,1,1,,,,,,,,,,
"Select legendary spell","sfx/legendary_available_01.wav",35,35,100,100,1,1,3000,,,,,,,,,
"Spell not ready","sfx/spell_not_ready_01.wav",50,50,100,100,1,1,,,,,,,,,,
"Boulder impact","sfx/boulder_impact_01.wav",80,90,95,105,1,2,,,,,,,,,,
"Select spell","sfx/grabcard_01.wav",50,50,98,102,1,2,,,,,,,,,,
"Archer deploy","sfx/clash_archer_deploy_01.wav",50,50,98,102,1,1,,,,,,,,,,
"Archer steps","sfx/archer_step_06.wav",10,15,96,106,2,1,100,,,,,,,,,
"Archer attack","sfx/archer_attack_07.wav",22,32,97,103,1,2,,,,,,,,,,
"Arrow hit","sfx/arrow_hit_13.wav",20,25,95,105,1,2,,,,,,,,,,
"Archer attack start","sfx/target_01.wav",1,1,97,103,1,3,,,,,,,,,,
"Archer die","sfx/npc_die_02.wav",1,1,97,103,1,5,,,,,,,,,,
"Get diamonds","sfx/get_diamonds_01.wav",35,40,84,84,1,2,,,,,,,,,,
"get mana","sfx/get_mana_01.wav",50,50,97,103,1,2,,,,,,,,,,
"ArcherTower attack","sfx/archer_tower_fire_05.wav",40,50,96,103,1,3,,,,,,,,,,
"Scroll open","sfx/scroll_open_01v3333.wav",50,50,99,101,1,4,,,,,,,,,,
"Scroll close","sfx/scroll_close_08.wav",40,40,97,103,1,4,,,,,,,,,,
"Chest unlockstart","sfx/unlock_chest_start_01.wav",50,50,100,100,4,1,,,,,,,,,,
"Claim chest","sfx/dummy_01.wav",1,1,100,100,4,1,,,,,,,,,,
"No workers","sfx/tap_locked_chest_01.wav",40,40,100,100,1,2,,,,,,,,,,
"WizardProjectileHit","sfx/dummy_01.wav",1,1,100,100,1,1,,,,,,,,,,
"Spell fuse","sfx/scroll_fusion_01.wav",60,60,100,100,1,4,,,,,,,,,,
"Enemy on range","sfx/bad_drop_03.wav",60,60,100,100,1,2,,,,,,,,,,
"Unlock with diamonds","sfx/open_chest_diamonds_02.wav",50,50,100,100,1,3,,,,,,,,,,
"SellChest","sfx/get_gold_04.wav",50,50,99,99,1,3,,,,,,,,,,
"Cannon Fire","sfx/cannon_fire_03.wav",35,45,96,104,1,3,,,,,,,,,,
"Cannon Deploy","sfx/cannon_deploy_01.wav",70,70,98,102,1,3,,,,,,,,,,
"sound_knight_deploy","sfx/knight_deploy_31111.wav",70,70,100,100,1,3,,,,,,,,,,
"sound_knight_deploy_end","sfx/knight_deploy_end_01.wav",60,60,100,100,1,3,,,,,1000,1000,,,,
"sound_knight_steps","sfx/knight_footstep_01.wav",40,50,98,102,1,2,,,,,,,,,,
,"sfx/knight_footstep_02.wav",40,50,98,102,1,2,,,,,,,,,,
,"sfx/knight_footstep_03.wav",40,50,98,102,1,2,,,,,,,,,,
,"sfx/knight_footstep_04.wav",40,50,98,102,1,3,,,,,,,,,,
"sound_knight_attack_start","sfx/knight_attack_start_05.wav",45,55,97,101,1,2,,,,,360,360,,,,
,"sfx/knight_attack_start_02.wav",45,55,97,101,1,2,,,,,430,430,,,,
,"sfx/knight_attack_start_03.wav",45,55,97,101,1,2,,,,,320,320,,,,
,"sfx/knight_attack_start_04.wav",45,55,97,101,1,2,,,,,320,320,,,,
,"sfx/knight_attack_start_01.wav",45,55,97,101,1,2,,,,,300,300,,,,
"sound_knight_hit","sfx/knight_hit_01.wav",30,40,98,102,1,3,,,,,,,,,,
"sound_knight_die","sfx/knight_death_01.wav",60,60,100,100,3,1,,,,,,,,,,
"sound_barbarian_deploy","sfx/deploy_barbarians_01.wav",70,70,98,102,1,1,500,,,,,,,,,
"sound_barbarian_steps","sfx/barb_footstep_03_no_vo.wav",20,25,97,103,2,1,400,,,,,,,,,
,"sfx/barb_footstep_01.wav",20,25,97,103,2,1,400,,,,,,,,,
,"sfx/barb_footstep_03_no_vo.wav",20,25,97,103,2,1,400,,,,,,,,,
,"sfx/barb_footstep_02.wav",20,25,97,103,2,1,400,,,,,,,,,
,"sfx/barb_footstep_03_no_vo.wav",20,25,97,103,2,1,400,,,,,,,,,
,"sfx/barb_footstep_04.wav",20,25,97,103,2,1,400,,,,,,,,,
,"sfx/barb_footstep_03_no_vo.wav",20,25,97,103,2,1,400,,,,,,,,,
,"sfx/barb_footstep_05.wav",20,25,97,103,2,1,400,,,,,,,,,
,"sfx/barb_footstep_03_no_vo.wav",20,25,97,103,2,1,400,,,,,,,,,
,"sfx/barb_footstep_06.wav",20,25,97,103,2,1,400,,,,,,,,,
"sound_barbarian_attack_start","sfx/barbarian_attack_02.wav",40,40,98,102,1,2,300,,,,300,300,,,,
,"sfx/barbarian_attack_03.wav",40,40,98,102,1,2,300,,,,300,300,,,,
,"sfx/barbarian_attack_04.wav",40,40,98,102,1,2,300,,,,300,300,,,,
,"sfx/barbarian_attack_05.wav",40,40,98,102,1,2,300,,,,300,300,,,,
,"sfx/barbarian_attack_06.wav",40,40,98,102,1,2,300,,,,300,300,,,,
,"sfx/barbarian_attack_07.wav",40,40,98,102,1,2,300,,,,300,300,,,,
,"sfx/barbarian_attack_08.wav",40,40,98,102,1,2,300,,,,300,300,,,,
"sound_angry_barbarian_attack_start","sfx/barbarian_attack_02.wav",50,55,72,80,1,2,100,,,,,,,,,
,"sfx/barbarian_attack_03.wav",50,55,72,80,1,2,100,,,,,,,,,
,"sfx/barbarian_attack_04.wav",50,55,72,80,1,2,100,,,,,,,,,
,"sfx/barbarian_attack_05.wav",50,55,72,80,1,2,100,,,,,,,,,
,"sfx/barbarian_attack_06.wav",50,55,72,80,1,2,100,,,,,,,,,
,"sfx/barbarian_attack_07.wav",50,55,72,80,1,2,100,,,,,,,,,
,"sfx/barbarian_attack_08.wav",50,55,72,80,1,2,100,,,,,,,,,
"sound_angry_barbarian_steps","sfx/barb_footstep_03_no_vo.wav",25,30,75,85,2,1,300,,,,,,,,,
,"sfx/barb_footstep_01.wav",25,30,75,85,2,1,300,,,,,,,,,
,"sfx/barb_footstep_03_no_vo.wav",25,30,75,85,2,1,300,,,,,,,,,
,"sfx/barb_footstep_02.wav",25,30,75,85,2,1,300,,,,,,,,,
,"sfx/barb_footstep_03_no_vo.wav",25,30,75,85,2,1,300,,,,,,,,,
,"sfx/barb_footstep_04.wav",25,30,75,85,2,1,300,,,,,,,,,
,"sfx/barb_footstep_03_no_vo.wav",25,30,75,85,2,1,300,,,,,,,,,
,"sfx/barb_footstep_05.wav",25,30,75,85,2,1,300,,,,,,,,,
,"sfx/barb_footstep_03_no_vo.wav",25,30,75,85,2,1,300,,,,,,,,,
,"sfx/barb_footstep_06.wav",25,30,75,85,2,1,300,,,,,,,,,
"sound_barbarian_hit","sfx/knight_attack_hack_01.wav",1,1,98,102,1,3,,,,,,,,,,
"sound_barbarian_die","sfx/npc_die_02.wav",1,1,97,103,1,5,,,,,,,,,,
"sound_ragebarbarian_deploy","sfx/woodsman_deploy_01.wav",60,60,98,102,1,1,300,,,,,,,,,
"sound_ragebarbarian_deploy_sfx","sfx/rage_barb_deploy_02.wav",60,60,98,102,2,1,300,,,,,,,,,
"sound_ragebarbarian_attack_start_vo","sfx/woodsman_atk_01.wav",60,60,98,102,1,1,2000,,,,,,,,,
,"sfx/woodsman_atk_02.wav",60,60,98,102,1,1,2000,,,,,,,,,
,"sfx/woodsman_atk_03.wav",60,60,98,102,1,1,2000,,,,,,,,,
,"sfx/woodsman_atk_04.wav",60,60,98,102,1,1,2000,,,,,,,,,
,"sfx/woodsman_atk_05.wav",60,60,98,102,1,1,2000,,,,,,,,,
,"sfx/woodsman_atk_06.wav",60,60,98,102,1,1,2000,,,,,,,,,
,"sfx/woodsman_atk_07.wav",60,60,98,102,1,1,2000,,,,,,,,,
"sound_ragebarbarian_attack_start","sfx/axeswing_01.wav",60,60,96,104,1,3,100,,,,200,200,,,,
"sound_ragebarbarian_attack_hit","sfx/axe_impact_01.wav",40,50,98,102,1,3,100,,,,,,,,,
"sound_ragebarbarian_steps","sfx/rage_barb_step_01.wav",30,40,95,105,4,2,200,,,,,,,,,
"sound_executioner_deploy","sfx/deploy_executioner_01.wav",70,70,98,102,1,1,300,,,,,,,,,
"sound_executioner_steps","sfx/executioner_footstep_01.wav",20,30,95,105,2,6,200,,,,,,,,,
"sound_executioner_attack","sfx/executioner_atk_01.wav",80,80,98,102,2,2,200,,,,,,,,,
"sound_goblins_deploy","sfx/goblin_deploy_14.wav",50,50,98,102,1,1,,,,,,,,,,
"sound_goblins_steps","sfx/gob_step_01_v5.wav",10,15,95,105,2,1,350,,,,,,,,,
,"sfx/gob_step_01_v1.wav",10,15,95,105,2,1,350,,,,,,,,,
,"sfx/gob_step_01_v5.wav",10,15,95,105,2,1,350,,,,,,,,,
,"sfx/gob_step_01_v2.wav",10,15,95,105,2,1,350,,,,,,,,,
,"sfx/gob_step_01_v5.wav",10,15,95,105,2,1,350,,,,,,,,,
,"sfx/gob_step_01_v3.wav",10,15,95,105,2,1,350,,,,,,,,,
,"sfx/gob_step_01_v5.wav",10,15,95,105,2,1,350,,,,,,,,,
,"sfx/gob_step_01_v4.wav",10,15,95,105,2,1,350,,,,,,,,,
"sound_goblins_attack_start","sfx/gob_attack_01v2.wav",30,40,97,103,1,3,,,,,,,,,,
,"sfx/gob_attack_02v2.wav",30,40,97,103,1,3,,,,,,,,,,
,"sfx/gob_attack_03v2.wav",30,40,97,103,1,3,,,,,,,,,,
"sound_goblins_hit","sfx/footman_attack_hit_01.wav",10,20,96,104,2,3,,,,,,,,,,
,"sfx/footman_attack_hit_02.wav",10,20,96,104,2,3,,,,,,,,,,
,"sfx/footman_attack_hit_03.wav",10,20,96,104,2,3,,,,,,,,,,
,"sfx/footman_attack_hit_04.wav",10,20,96,104,2,3,,,,,,,,,,
"sound_goblins_die","sfx/npc_die_02.wav",1,1,97,103,1,5,,,,,,,,,,
"sound_giant_deploy","sfx/giant_deploy_01.wav",90,90,100,100,1,2,,,,,,,,,,
"sound_giant_deploy_vo","sfx/giant_skelly_dep_vo_01.wav",90,90,98,102,1,2,,,,,600,600,,,,
"sound_giant_steps","sfx/demon_step_01.wav",40,60,95,105,1,2,,,,,,,,,,
"sound_giant_attack_start","sfx/giant_attack_swing_01.wav",65,80,98,102,1,1,,,,,,,,,,
,"sfx/giant_attack_swing_02.wav",65,80,98,102,1,1,,,,,,,,,,
,"sfx/giant_attack_swing_03.wav",65,80,98,102,1,1,,,,,,,,,,
"sound_giant_hit","sfx/giant_hit_01.wav",60,70,95,105,1,2,,,,,,,,,,
"sound_giant_die","sfx/npc_die_02.wav",1,1,97,103,1,5,,,,,,,,,,
"sound_pekka_deploy","sfx/pekka_deploy_01.wav",80,80,100,100,1,3,,,,,,,,,,
"sound_pekka_deploy_end","sfx/pekka_deploy_end_03.wav",100,100,100,100,1,3,,,,,3000,3000,,,,
"sound_pekka_steps","sfx/pekka_footstep_02.wav",40,45,96,104,1,3,,,,,,,,,,
"sound_pekka_attack_start","sfx/pekka_atk_01.wav",60,60,97,103,1,3,,,,,,,,,,
"sound_pekka_hit","sfx/pekka_attack_hit_03.wav",50,60,98,102,1,3,,,,,,,,,,
"sound_pekka_die","sfx/npc_die_02.wav",1,1,97,103,1,5,,,,,,,,,,
"sound_minion_deploy","sfx/minion_deploy_01.wav",40,40,98,102,1,1,,,,,,,,,,
"sound_minion_steps","sfx/minion_wing_02.wav",15,30,93,107,2,2,100,,,,,,,,,
"sound_minion_attack_start","sfx/tinymite_attack_04.wav",1,1,96,104,1,3,,,,,,,,,,
"sound_minion_attack","sfx/tinymite_attack_04.wav",50,55,95,105,1,1,,,,,,,,,,
,"sfx/tinymite_attack_05.wav",50,55,95,105,1,1,,,,,,,,,,
,"sfx/tinymite_attack_06.wav",50,55,95,105,1,1,,,,,,,,,,
"sound_minion_die","sfx/npc_die_02.wav",1,1,97,103,1,5,,,,,,,,,,
"Gameend Horn","sfx/big_horn_end_02_v2.wav",80,80,100,100,1,1,,,,,,,,,,
"sound_mortar_attack","sfx/mortar_fire_03.wav",80,80,98,102,1,2,,,,,,,,,,
"sound_mortar_hit","sfx/boulder_impact_01.wav",80,90,95,105,1,2,,,,,,,,,,
"sound_mortar_die","sfx/building_destroyed_05.wav",50,50,100,100,1,3,,,,,,,,,,
"sound_mortar_deploy","sfx/mortar_deploy.wav",80,80,97,103,1,2,,,,,,,,,,
"sound_balloon_deploy","sfx/deploy_balloon_06.wav",90,90,98,102,1,2,,,,,,,,,,
"sound_balloon_steps","sfx/balloon_fly_loop_01.wav",55,55,98,102,2,2,,,,,,,,,,
"sound_balloon_attack_start","sfx/drop_bomb_03.wav",70,70,100,100,1,3,,,,,,,,,,
"sound_balloon_hit","sfx/boulder_impact_01.wav",80,90,95,105,1,2,,,,,,,,,,
"sound_balloon_die","sfx/building_destroyed_05.wav",40,40,100,100,1,3,,,,,,,,,,
"sound_goblin_hut_deploy","sfx/building_place_01.wav",80,80,98,102,1,2,,,,,,,,,,
"sound_goblin_hut_die","sfx/boulder_impact_01.wav",80,90,95,105,1,2,,,,,,,,,,
"sound_elixircollector_die","sfx/building_destroyed_05.wav",50,50,98,102,1,3,,,,,,,,,,
"sound_elixircollector_deploy","sfx/elixir_collector_place_02.wav",80,80,95,105,1,2,,,,,,,,,,
"sound_elixircollector_get","sfx/get_elixir_02.wav",45,45,86,86,1,2,100,,,,,,,,,
"sound_witch_deploy","sfx/summon_witch_01.wav",70,70,100,100,1,3,,,,,,,,,,
"sound_witch_steps","sfx/witch_step_01.wav",10,20,94,106,2,2,500,,,,,,,,,
"sound_witch_attack_start","sfx/witch_attack_02.wav",35,45,101,99,1,3,,,,,,,,,,
"sound_witch_hit","sfx/knight_attack_hack_01.wav",60,80,98,102,1,3,,,,,,,,,,
"sound_witch_die","sfx/npc_die_02.wav",1,1,97,103,1,5,,,,,,,,,,
"sound_witch_deploy_skeleton","sfx/witch_summon_02.wav",60,60,98,102,1,1,1000,,,,,,,,,
"sound_skeleton_deploy","sfx/skeleton_deploy_03.wav",55,55,100,100,1,1,500,,,,,,,,,
"sound_skeleton_steps","sfx/skeleton_step_02.wav",10,12,95,105,2,4,150,,,,,,,,,
"sound_skeleton_attack_start","sfx/skeleton_atk_03.wav",40,50,97,103,1,2,,,,,,,,,,
"sound_skeleton_hit","sfx/footman_attack_hit_01.wav",10,20,96,104,2,3,,,,,,,,,,
,"sfx/footman_attack_hit_02.wav",10,20,96,104,2,3,,,,,,,,,,
,"sfx/footman_attack_hit_03.wav",10,20,96,104,2,3,,,,,,,,,,
,"sfx/footman_attack_hit_04.wav",10,20,96,104,2,3,,,,,,,,,,
"sound_skeleton_die","sfx/npc_die_02.wav",1,1,97,103,1,5,,,,,,,,,,
"sound_golem_deploy","sfx/golem_deploy_01.wav",90,90,98,102,1,2,,,,,,,,,,
"sound_golem_deploy_end","sfx/stone_golem_deploy_02.wav",98,102,100,100,1,3,,,,,3000,3000,,,,
"sound_small_golem_deploy","sfx/stone_golem_deploy_02.wav",70,70,165,175,1,2,,,,,,,,,,
"sound_golem_steps","sfx/golem_walk_02.wav",40,50,96,104,1,3,,,,,,,,,,
"sound_golem_attack_start","sfx/golem_atk_01.wav",80,80,98,102,1,2,,,,,,,,,,
"sound_small_golem_attack_start","sfx/golem_atk_01.wav",65,65,170,180,1,2,,,,,,,,,,
"sound_golem_hit","sfx/golem_atk_hit_01.wav",80,80,98,102,1,2,,,,,,,,,,
"sound_small_golem_hit","sfx/golem_atk_hit_01.wav",65,65,170,180,1,2,,,,,,,,,,
"sound_golem_die","sfx/golem_die_01.wav",90,90,98,102,1,3,,,,,,,,,,
"sound_small_golem_die","sfx/golem_die_01.wav",65,65,115,125,1,3,,,,,,,,,,
"sound_get_star_player","sfx/get_star_equence_01_v2.wav",75,75,100,100,1,2,,,,,,,,,,
"sound_get_star_enemy","sfx/get_star_equence_01boo.wav",70,70,100,100,1,2,,,,,,,,,,
"sound_generic_death","sfx/npc_die_04.wav",35,45,95,104,1,3,,,,,,,,,,
"deploy timer tick","sfx/deploy_timer_tick_01v4.wav",20,20,100,100,1,2,,,,,,,,,,
"deploy timer ding","sfx/deploy_timer_ding_03.wav",30,20,100,100,1,2,,,,,,,,,,
"enemy deploy timer tick","sfx/enemy_deploy_timer_tick_01.wav",20,20,100,100,1,2,,,,,,,,,,
"enemy deploy timer ding","sfx/enemy_deploy_timer_ding_04.wav",30,30,100,100,1,2,,,,,,,,,,
"match start","sfx/big_horn_start_02_v2.wav",90,90,100,100,1,1,,,,,,,,,,
"Goblin_arena_start","sfx/goblin_arena_jingle_01.wav",90,90,100,100,1,1,,,,,,,,,,
"Bone_pit_arena_start","sfx/bone_pit_arena_jingle_01.wav",85,85,100,100,1,1,,,,,,,,,,
"Dark_arena_start","sfx/dark_arena_jingle_02.wav",90,90,100,100,1,1,,,,,,,,,,
"Barbarian_arena_start","sfx/barbarian_jingle_01.wav",90,90,100,100,1,1,,,,,,,,,,
"Builder_arena_start","sfx/builder_arena_new_01.wav",85,85,100,100,1,1,,,,,,,,,,
"Spell_arena_start","sfx/spellarena_jing_01.wav",90,90,100,100,1,1,,,,,,,,,,
"Ice_arena_start","sfx/arctic_arena_jingle_01.wav",90,90,100,100,1,1,,,,,,,,,,
"Legendary_arena_start","sfx/legendary_arena_jingle_01.wav",90,90,100,100,1,1,,,,,,,,,,
"Jungle_arena_start","sfx/jungle_arena_jingle_01.wav",90,90,100,100,1,1,,,,,,,,,,
"Hog_arena_start","sfx/hog_arena_jingle_01.wav",90,90,100,100,1,1,,,,,,,,,,
"inferno_loop","sfx/laser_loop_02.wav",42,42,100,100,1,1,,"true",,,,,,,,
"sound_place_inferno_tower","sfx/place_inferno_02.wav",80,80,100,100,1,2,,,,,,,,,,
"sound_tower_take_damage","sfx/tower_attacked_02.wav",50,50,100,100,1,1,30000,,,,,,,,,
"sound_tower_take_damage_enemy","sfx/enemy_tower_attacked_03.wav",55,55,100,100,1,1,30000,,,,,,,,,
"sound_enemy_die_jingle","sfx/dummy_01.wav",1,1,100,100,5,1,300,,,,,,,,,
"sound_own_die_jingle","sfx/dummy_01.wav",1,1,100,100,5,1,300,,,,,,,,,
"sound_rage_effect","sfx/rage_spell_01.wav",60,60,98,102,1,1,,,,,,,,,,
"sound_valkyrie_deploy","sfx/valkyrie_deploy_02.wav",70,70,100,100,1,3,,,,,,,,,,
"sound_valkyrie_deploy_end","sfx/valkyrie_deploy_end_02.wav",50,50,100,100,1,3,,,,,1000,1000,,,,
"sound_valkyrie_steps","sfx/valk_step_02.wav",12,15,96,104,2,2,300,,,,,,,,,
"sound_valkyrie_attack_start","sfx/valkyrie_atk_04.wav",60,65,97,103,1,3,,,,,,,,,,
,"sfx/valkyrie_atk_05.wav",60,65,97,103,1,3,,,,,,,,,,
,"sfx/valkyrie_atk_04.wav",60,65,97,103,1,3,,,,,,,,,,
,"sfx/valkyrie_atk_06.wav",60,65,97,103,1,3,,,,,,,,,,
,"sfx/valkyrie_atk_07.wav",60,65,97,103,1,3,,,,,,,,,,
,"sfx/valkyrie_atk_08.wav",60,65,97,103,1,3,,,,,,,,,,
,"sfx/valkyrie_atk_09.wav",60,65,97,103,1,3,,,,,,,,,,
,"sfx/valkyrie_atk_10.wav",60,65,97,103,1,3,,,,,,,,,,
"sound_valkyrie_hit","sfx/valkyrie_hit_01.wav",20,35,98,102,1,3,,,,,,,,,,
"sound_valkyrie_die","sfx/npc_die_02.wav",1,1,97,103,1,5,,,,,,,,,,
"sound_summon_own_big","sfx/summon_own_07.wav",80,80,97,102,1,2,,,,,1000,1000,,,,
"sound_summon_enemy_big","sfx/enemy_summon_01.wav",55,55,97,103,1,2,,,,,3000,3200,,,,
"sound_summon_enemy_big_die","sfx/kill_enemy_big_summon_02.wav",55,55,97,103,1,2,,,,,2000,2500,,,,
"sound_summon_own_big_die","sfx/own_summon_die_03.wav",55,55,97,103,1,2,,,,,2000,2500,,,,
"sound_bomber_deploy","sfx/deploy_skeleton_01.wav",70,70,100,100,1,2,,,,,,,,,,
"sound_bomber_deploy_end","sfx/skeleton_deploy_end_01.wav",70,70,100,100,1,2,,,,,1000,1000,,,,
"sound_bomber_steps","sfx/bomb_skeleton_01v3.wav",25,35,95,105,3,2,,,,,,,,,,
"sound_bomber_attack",,,,,,,,,,,,,,,,,
"sound_bomber_attack_start","sfx/bomb_skeleton_atk_04.wav",75,80,97,103,1,1,,,,,,,,,,
"sound_bomber_die",,,,,,,,,,,,,,,,,
"sound_BombTower_projectile_hit","sfx/skeleton_bomb_explo_01.wav",65,70,95,105,1,1,,,,,,,,,,
"sound_goblin_barrel_explosion","sfx/barrel_explosion_02.wav",65,70,95,105,1,1,,,,,,,,,,
"sound_goblin_barrel_spawn","sfx/barrel_drawback_14.wav",70,70,100,100,1,2,,,,,,,,,,
"sound_rocket_explosion","sfx/rocket_hit_01v2.wav",75,75,96,104,1,2,,,,,,,,,,
"sound_rocket_spawn","sfx/rocket_launch_02v2.wav",75,75,96,104,1,2,,,,,,,,,,
"sound_dragon_attack_start","sfx/tinymite_attack_04.wav",1,1,96,104,1,3,,,,,,,,,,
"chat_donate","sfx/donate_01.wav",40,40,100,100,1,3,,,,,,,,,,
"chat_new_msg","sfx/scroll_chat_01.wav",20,20,100,100,1,5,,,,,,,,,,
"sound_openChest_wood","sfx/wooden_chest_open_01.wav",80,80,100,100,1,5,,,,,,,,,,
"sound_openChest_iron","sfx/iron_chest_open_01.wav",80,80,100,100,1,5,,,,,,,,,,
"sound_openChest_gold","sfx/gold_chest_open_01.wav",80,80,100,100,1,5,,,,,,,,,,
"sound_openChest_magical","sfx/magic_chest_open_01.wav",80,80,100,100,1,5,,,,,,,,,,
"sound_openChest_star","sfx/star_chest_open_01.wav",80,80,100,100,1,5,,,,,,,,,,
"sound_openChest_bigmagical","sfx/huge_magical_land_01.wav",90,90,100,100,1,5,,,,,,,,,,
"sound_openChest_giant","sfx/hugewooden_land_open_01.wav",90,90,100,100,1,5,,,,,,,,,,
"sound_openChest_champion","sfx/champions_chest_land_open_01.wav",90,90,100,100,1,5,,,,,,,,,,
"sound_openChest_get_gold","sfx/get_card_gold_01.wav",60,60,100,100,1,5,,,,,,,,,,
"sound_openChest_get_gem","sfx/get_card_gems_01.wav",80,80,100,100,1,5,,,,,,,,,,
"sound_openChest_get_common","sfx/get_card_comon_01.wav",65,65,100,100,1,5,,,,,,,,,,
"sound_openChest_get_rare","sfx/get_card_rare_01.wav",75,75,100,100,1,5,,,,,,,,,,
"sound_openChest_get_epic","sfx/get_epic_rare_01.wav",100,100,100,100,1,5,,,,,,,,,,
"sound_openChest_get_legendary","sfx/new_leg_reveal_01.wav",100,100,100,100,1,5,,,,,,,,,,
"sound_openChest_loop_gold","sfx/chest_loop_02.wav",60,60,100,100,1,1,,"true",,,,,,,,
"sound_openChest_loop_gem","sfx/chest_loop_02.wav",60,60,100,100,1,1,,"true",,,,,,,,
"sound_openChest_loop_common",,60,60,100,100,1,1,,"true",,,,,,,,
"sound_openChest_loop_rare",,60,60,100,100,1,1,,"true",,,,,,,,
"sound_openChest_loop_epic",,60,60,100,100,1,1,,"true",,,,,,,,
"sound_musketeer_deploy","sfx/musketeer_deploy_01.wav",70,70,100,100,1,3,,,,,,,,,,
"sound_musketeer_deploy_end","sfx/musketeer_reload_01.wav",60,60,97,103,1,3,,,,,1200,1200,,,,
"sound_musketeer_steps","sfx/knight_footstep_01.wav",30,45,120,125,2,2,,,,,,,,,,
,"sfx/knight_footstep_02.wav",30,45,120,125,2,2,,,,,,,,,,
,"sfx/knight_footstep_03.wav",30,45,120,125,2,2,,,,,,,,,,
,"sfx/knight_footstep_04.wav",30,45,120,125,2,2,,,,,,,,,,
"sound_musketeer_attack","sfx/musket_fire_02.wav",65,75,94,106,2,4,,,,,,,,,,
"sound_musketeer_attack_start",,,,,,,,,,,,,,,,,
"sound_musketeer_hit","sfx/musket_impact_01.wav",40,50,96,104,2,3,,,,,,,,,,
"sound_musketeer_die",,,,,,,,,,,,,,,,,
"sound_upgradeCard_start","sfx/upgrade_card_01.wav",80,80,100,100,1,5,,,,,,,,,,
"sound_upgradeCard_ready","sfx/card_upgrade_hit_01.wav",60,60,100,100,1,5,,,,,,,,,,
"sound_upgradeCard_stat_appear","sfx/card_upgrade_stat_05.wav",60,60,100,100,1,3,,,,,,,,,,
"sound_upgradeCard_stat_change","sfx/card_upgrade_counter_01.wav",25,25,100,100,1,20,20,,,,,,,,,
"sound_shop_new_spell","sfx/new_cards_01.wav",70,70,100,100,1,10,,,,,,,,,,
"sound_freeze_deploy","sfx/freeze_04.wav",65,65,98,102,1,2,,,,,,,,,,
"sound_tesla_deploy","sfx/building_place_01.wav",80,80,98,102,1,2,,,,,,,,,,
"sound_tesla_up","sfx/tesla_open_02.wav",80,80,98,102,1,3,,,,,,,,,,
"sound_tesla_down","sfx/tesla_close_02.wav",70,70,98,102,1,3,,,,,,,,,,
"sound_tesla_attack","sfx/tesla_zap_01.wav",40,40,96,103,1,5,,,,,,,,,,
"sound_tesla_hit","sfx/dummy_01.wav",1,1,95,105,1,2,,,,,,,,,,
"sound_chr_wizard_deploy","sfx/deploy_wizard_01.wav",70,70,100,100,1,1,,,,,,,,,,
"sound_chr_wizard_deploy_end","sfx/dummy_01.wav",1,1,100,100,2,1,,,,,1000,1000,,,,
,"sfx/wiz_deploy_vo_01.wav",55,55,99,101,1,1,5000,,,,,,,,,
,"sfx/wiz_deploy_vo_02.wav",55,55,99,101,1,1,5000,,,,1000,1000,,,,
"sound_chr_wizard_steps","sfx/wiz_steps_01v2.wav",10,15,92,106,2,3,,,,,,,,,,
"sound_chr_wizard_attack_start","sfx/wiz_fireball_01v9.wav",60,60,98,102,1,3,,,,,,,,,,
"sound_chr_wizard_attack_vo","sfx/wiz_atk_vo_01.wav",50,50,99,101,1,1,7000,,,,550,550,,,,
,"sfx/wiz_atk_vo_02.wav",50,60,99,101,1,1,7000,,,,550,550,,,,
,"sfx/wiz_atk_vo_03.wav",50,60,99,101,1,1,7000,,,,550,550,,,,
,"sfx/wiz_atk_vo_04.wav",50,60,99,101,1,1,7000,,,,550,550,,,,
"sound_chr_wizard_projectile_hit","sfx/fireball_hit_01.wav",50,50,95,105,1,3,,,,,,,,,,
"sound_chr_wizard_hit","sfx/dummy_01.wav",1,1,100,100,1,1,,,,,,,,,,
"sound_chr_wizard_die","sfx/dummy_01.wav",1,1,100,100,1,1,,,,,5000,6000,,,,3000
"sound_card_fly_in","sfx/card_fly_in_06.wav",40,40,100,100,2,4,,,,,,,,,,
"sound_prince_deploy","sfx/prince_deploy_01.wav",65,65,100,100,1,3,,,,,,,,,,
"sound_prince_deploy_end","sfx/horse_blow_01.wav",65,65,100,100,1,3,,,,,1000,1000,,,,
"sound_prince_steps","sfx/horse_gallop_01.wav",40,45,97,102,2,2,,,,,,,,,,
,"sfx/horse_gallop_02.wav",40,45,97,102,2,2,,,,,,,,,,
"sound_prince_charge","sfx/rider_charge_03.wav",70,70,100,100,1,2,,,,,,,,,,
"sound_prince_charge_hit","sfx/prince_charge_hit_01.wav",80,80,100,100,1,3,,,,,,,,,,
"sound_prince_attack_start","sfx/prince_andrew_use_04.wav",65,65,99,101,1,2,,,,,220,220,,,,
,"sfx/prince_andrew_use_02.wav",65,65,99,101,1,2,,,,,220,220,,,,
,"sfx/prince_andrew_use_09.wav",65,65,99,101,1,2,,,,,220,220,,,,
,"sfx/prince_andrew_use_10.wav",65,65,99,101,1,2,,,,,220,220,,,,
"sound_prince_hit","sfx/prince_hit_01.wav",70,75,95,105,1,2,,,,,,,,,,
"sound_spear_goblin_deploy","sfx/spear_gob_dep_01v2.wav",45,45,96,104,1,2,,,,,,,,,,
"sound_spear_goblin_steps","sfx/spear_gob_step_01.wav",10,15,94,106,2,1,80,,,,,,,,,
"sound_spear_goblin_attack_start","sfx/spear_gob_atk_swish_01.wav",55,55,98,108,1,2,,,,,550,550,,,,
"sound_spear_goblin_attack","sfx/spear_gob_atk_01.wav",33,33,96,104,1,2,,,,,,,,,,
,"sfx/spear_gob_atk_02.wav",33,33,96,104,1,2,,,,,,,,,,
,"sfx/spear_gob_atk_03.wav",33,33,96,104,1,2,,,,,,,,,,
"sound_spear_goblin_die",,,,,,,,,,,,,,,,,
"sound_spear_goblin_projectile_hit","sfx/spear_gob_atk_hit_01.wav",20,20,95,105,2,4,,,,,,,,,,
"sound_giant_skeleton_deploy","sfx/big_skeleton_summon_01.wav",90,90,100,100,1,3,,,,,,,,,,
"sound_giant_skeleton_steps","sfx/big_skeleton_walk_05.wav",45,55,92,106,1,4,,,,,,,,,,
"sound_giant_skeleton_attack_start","sfx/skeleton_arm_swing_02.wav",60,60,96,104,1,3,,,,,200,200,,,,
"sound_giant_skeleton_hit","sfx/big_skeleton_hit_01.wav",80,80,96,104,1,3,,,,,,,,,,
"sound_giant_skeleton_die",,,,,,,,,,,,,,,,,
"sound_minipekka_deploy","sfx/minipekka_deploy_01.wav",80,80,98,102,1,3,,,,,,,,,,
"sound_minipekka_deploy_end","sfx/mini_pekka_deploy_end_06.wav",65,65,100,100,1,3,,,,,1100,1100,,,,
"sound_minipekka_steps","sfx/minipekka_step_03.wav",40,45,96,104,1,3,,,,,,,,,,
"sound_minipekka_attack_start","sfx/mini_pekka_atk_12.wav",60,60,97,103,1,3,,,,,100,100,,,,
"sound_minipekka_hit","sfx/mini_pekka_hit_03.wav",60,70,95,105,1,3,,,,,,,,,,
"sound_minipekka_die","sfx/npc_die_02.wav",1,1,97,103,1,5,,,,,,,,,,
"sound_hog_rider_deploy","sfx/hogrider_deploy_01.wav",80,80,100,100,1,2,,,,,,,,,,
"sound_hog_rider_deploy_end","sfx/dummy_01.wav",1,1,100,100,1,1,9000,,,,1000,1000,,,,
,"sfx/hogrider_deploy_end_01.wav",50,50,100,100,1,1,9000,,,,750,750,,,,
,"sfx/dummy_01.wav",1,1,100,100,1,1,9000,,,,1000,1000,,,,
"sound_hog_rider_steps","sfx/hogrider_step_01.wav",60,75,97,103,1,3,,,,,,,,,,
"sound_hog_rider_attack_start","sfx/hogrider_atk_01.wav",50,55,98,105,1,3,,,,,250,250,,,,
"sound_hog_rider_hit","sfx/hogrider_atk_03.wav",50,55,98,105,1,3,,,,,,,,,,
"sound_hog_rider_die","sfx/npc_die_02.wav",1,1,97,103,1,5,,,,,,,,,,
"sound_hog_rider_landing","sfx/boulder_impact_01.wav",70,70,98,102,1,1,,,,,,,,,,
"sound_baby_dragon_deploy","sfx/babydragon_deploy_01.wav",80,80,98,102,1,3,,,,,,,,,,
"sound_baby_dragon_deploy_end","sfx/baby_dragon_deploy_end_11.wav",75,75,98,102,2,1,,,,,1100,1100,,,,
"sound_baby_dragon_steps","sfx/babydragon_wing_01.wav",30,40,95,105,2,4,300,,,,100,100,,,,
"sound_baby_dragon_attack_start","sfx/baby_dragon_fireball_08.wav",65,70,98,102,1,3,,,,,150,150,,,,
"sound_baby_dragon_die",,,,,,,,,,,,,,,,,
"sound_dragon_projectile_hit","sfx/sound_fireball_hit_01.wav",55,65,93,106,2,4,,,,,,,,,,
"tap_mega_chest","sfx/huge_magical_chest_tap_01.wav",80,80,100,100,1,2,,,,,,,,,,
"tap_giant_chest","sfx/hugewooden_land_01.wav",80,80,100,100,1,2,,,,,,,,,,
"tap_magic_chest","sfx/magic_chest_land_01.wav",70,70,100,100,1,2,,,,,,,,,,
"tap_wooden_chest","sfx/wooden_chest_land_01.wav",70,70,100,100,1,2,,,,,,,,,,
"tap_iron_chest","sfx/iron_chest_land_01.wav",70,70,100,100,1,2,,,,,,,,,,
"tap_gold_chest","sfx/golden_chest_land_01.wav",70,70,100,100,1,2,,,,,,,,,,
"tap_champions_chest","sfx/champions_chest_tap_01.wav",75,75,100,100,1,2,,,,,,,,,,
"sound_king_player_activate","sfx/king_activate_01.wav",100,100,100,100,1,3,,,,,1800,1800,,,,
"sound_king_player_die",,,,,,,,,,,,,,,,,
"sound_king_enemy_activate","sfx/king_activate_01.wav",100,100,100,100,1,3,,,,,1800,1800,,,,
"sound_king_angry","sfx/king_tower_gone_01.wav",100,100,100,100,1,3,1500,,,,,,,,,
,"sfx/king_tower_gone_02.wav",100,100,100,100,1,3,1500,,,,,,,,,
,"sfx/king_tower_gone_03.wav",100,100,100,100,1,3,1500,,,,,,,,,
,"sfx/king_tower_gone_04.wav",100,100,100,100,1,3,1500,,,,,,,,,
,"sfx/king_tower_gone_05.wav",100,100,100,100,1,3,1500,,,,,,,,,
,"sfx/king_tower_gone_06.wav",100,100,100,100,1,3,1500,,,,,,,,,
,"sfx/king_tower_gone_07.wav",100,100,100,100,1,3,1500,,,,,,,,,
"sound_king_happy_tower","sfx/king_happy_01.wav",100,100,100,100,1,3,1500,,,,,,,,,
,"sfx/king_happy_02.wav",100,100,100,100,1,3,1500,,,,,,,,,
,"sfx/king_happy_03.wav",100,100,100,100,1,3,1500,,,,,,,,,
,"sfx/king_happy_04.wav",100,100,100,100,1,3,1500,,,,,,,,,
"sound_king_enemy_die",,,,,,,,,,,,,,,,,
"sound_king_attack","sfx/king_fire_06.wav",70,75,96,106,1,4,,,,,,,,,,
"Achievement Unlock","sfx/achievement_unlock_01.wav",60,60,100,100,1,2,,,,,,,,,,
"Claim Achievement","sfx/claim_achievement_01.wav",60,60,100,100,1,2,,,,,,,,,,
"First_Crown","sfx/1st_crown_01.wav",60,60,100,100,,2,,,,,,,,,,
"Second_Crown","sfx/2nd_crown_01.wav",65,65,100,100,,2,,,,,,,,,,
"Third_Crown","sfx/3rd_crown_01.wav",70,70,100,100,,2,,,,,,,,,,
"sound_chest_fly","sfx/chest_fly_01.wav",60,60,100,100,1,2,,,,,250,250,,,,
"Tut_jing_start","sfx/tut_jing_01.wav",90,90,100,100,1,1,,,,,,,,,,
"Tut_jing_time_1","sfx/tut_jing_02.wav",70,70,100,100,1,1,,,,,,,,,,
"Tut_jing_time_2","sfx/tut_jing_02.wav",80,80,119,119,1,1,,,,,,,,,,
"Tut_count_01","sfx/tut_count_01.wav",40,40,100,100,1,4,,,,,,,,,,
"Names_whoosh_out","sfx/tex_whoosh_02.wav",60,60,100,100,1,4,,,,,50,50,,,,
"Names_whoosh_in","sfx/text_whoosh_in_03.wav",90,90,100,100,1,4,,,,,200,200,,,,
"sound_spell_zap","sfx/zap_02.wav",80,80,95,105,1,3,,,,,,,,,,
"sound_board_slide_in","sfx/board_slide_in_01.wav",55,55,92,92,1,2,,,,,,,,,,
"sound_tombstone_deploy","sfx/tombstone_deploy_01.wav",60,60,100,100,1,3,,,,,,,,,,
"sound_tombstone_die","sfx/boulder_impact_01.wav",80,90,95,105,1,2,,,,,,,,,,
"sound_supercell_jingle","sfx/supercell_jingle.wav",80,80,100,100,1,3,,,,,,,,,,
"sound_tutorial_first_vo","sfx/king_tut_first_vo_01.wav",90,90,100,100,1,3,,,,,300,300,,,,
"sound_tutorial_second_vo","sfx/king_tut_second_vo_01.wav",80,80,100,100,1,3,,,,,3200,3200,,,,
"sound_tutorial_first_plink","sfx/dummy_01.wav",1,1,100,100,1,1,,,,,,,,,,
"sound_tutorial_second_plink","sfx/tutorial_plink_02v2.wav",65,65,100,100,1,3,,,,,,,,,,
"sound_text_bubble_appear","sfx/speech_bubble_tut_03.wav",40,40,95,105,1,3,,,,,,,,,,
"sound_press_battle_button","sfx/press_arena_01.wav",80,80,100,100,1,3,,,,,,,,,,
"sound_tap_gems","sfx/tap_gems_02.wav",60,60,100,100,1,5,,,,,,,,,,
"sound_tap_coins","sfx/tap_coins_01.wav",42,42,100,100,1,3,,,,,,,,,,
"sound_buy_card_common","sfx/buy_common_card_01.wav",80,80,100,100,1,5,,,,,,,,,,
"sound_buy_card_rare","sfx/buy_rare_card_01.wav",80,80,100,100,1,5,,,,,,,,,,
"sound_buy_card_epic","sfx/buy_epic_card_02.wav",80,80,100,100,1,5,,,,,,,,,,
"sound_buy_card_legendary","sfx/buy_legnedary_card_01.wav",90,90,100,100,1,5,,,,,,,,,,
"sound_bomb_tower_die","sfx/building_explode_01.wav",80,80,95,105,1,3,,,,,,,,,,
"sound_purchase_gems","sfx/buy_gems_02.wav",60,60,100,100,1,3,,,,,,,,,,
"sound_king_level_up","sfx/king_level_up_01.wav",95,95,100,100,1,2,,,,,,,,,,
"sound_king_happy","sfx/king_laughter_01.wav",70,70,98,102,1,2,,,,,,,,,,
,"sfx/king_laughter_02.wav",70,70,98,102,1,2,,,,,,,,,,
,"sfx/king_laughter_03.wav",70,70,98,102,1,2,,,,,,,,,,
,"sfx/king_laughter_04.wav",70,70,98,102,1,2,,,,,,,,,,
"sound_king_crying","sfx/king_crying_01.wav",70,70,98,102,1,2,,,,,,,,,,
,"sfx/king_crying_02.wav",70,70,98,102,1,2,,,,,,,,,,
,"sfx/king_crying_03.wav",70,70,98,102,1,2,,,,,,,,,,
,"sfx/king_crying_04.wav",70,70,98,102,1,2,,,,,,,,,,
"sound_king_congratulate","sfx/king_congrats_01.wav",70,70,98,102,1,2,,,,,,,,,,
,"sfx/king_congrats_02.wav",70,70,98,102,1,2,,,,,,,,,,
,"sfx/king_congrats_03.wav",70,70,98,102,1,2,,,,,,,,,,
,"sfx/king_congrats_04.wav",70,70,98,102,1,2,,,,,,,,,,
"sound_king_mad","sfx/king_mad_01.wav",70,70,98,102,1,2,,,,,,,,,,
,"sfx/king_mad_02.wav",70,70,98,102,1,2,,,,,,,,,,
,"sfx/king_mad_03.wav",70,70,98,102,1,2,,,,,,,,,,
,"sfx/king_mad_04.wav",70,70,98,102,1,2,,,,,,,,,,
"sound_GiantSkeleton_bomb_deploy","sfx/bomb_drop_01.wav",80,80,100,100,1,2,,,,,,,,,,
"sound_GiantSkeleton_bomb_die","sfx/explosion_01.wav",80,80,97,103,1,3,,,,,,,,,,
"sound_Balloon_Bomb_deploy","sfx/bomb_drop_01.wav",80,80,100,100,1,2,,,,,,,,,,
"sound_Balloon_Bomb_die","sfx/explosion_01.wav",80,80,97,103,1,3,,,,,,,,,,
"sound_extra_time_jingle","sfx/extratime_jingle_02.wav",100,100,100,100,1,3,,,,,,,,,,
"sound_get_crown_1","sfx/get_crown_03.wav",60,60,100,100,1,3,,,,,,,,,,
"sound_get_crown_2","sfx/get_crown_03.wav",60,60,112,112,1,3,,,,,,,,,,
"sound_get_crown_3","sfx/get_crown_03.wav",60,60,126,126,1,3,,,,,,,,,,
"sound_crown_appear_1","sfx/crown_appear_03.wav",70,70,100,100,1,3,,,,,,,,,,
"sound_crown_appear_2","sfx/crown_appear_03.wav",70,70,112,112,1,3,,,,,,,,,,
"sound_crown_appear_3","sfx/crown_appear_03.wav",70,70,126,126,1,3,,,,,,,,,,
"sound_lightning_1","sfx/lightning_02.wav",75,75,99,101,1,3,,,,,,,,,,
"sound_poison_spell","sfx/poison_spell_01.wav",80,80,98,102,1,3,,,,,,,,,,
"sound_get_xp","sfx/get_xp_01.wav",60,60,100,100,1,3,,,,,,,,,,
"sound_ice_wizard_deploy","sfx/ice_wiz_deploy_01.wav",80,80,100,100,1,1,,,,,,,,,,
"sound_ice_wizard_deploy_vo","sfx/ice_wiz_dep_01.wav",60,60,98,102,1,1,3000,,,,800,800,,,,
,"sfx/ice_wiz_dep_04.wav",60,60,98,102,1,1,3000,,,,100,800,,,,
,"sfx/ice_wiz_land_01.wav",60,60,98,102,1,1,3000,,,,300,300,,,,
,"sfx/ice_wiz_land_01.wav",60,60,98,102,1,1,3000,,,,300,300,,,,
"sound_ice_wizard_steps","sfx/ice_wiz_footstep_01.wav",10,15,92,108,1,3,,,,,,,,,,
"sound_ice_wizard_attack_start","sfx/icemage_attack_03.wav",60,60,99,101,1,4,,,,,,,,,,
"sound_ice_wizard_attack_vo","sfx/ice_wiz_atk_01.wav",60,60,98,102,1,1,5000,,,,800,800,,,,
,"sfx/ice_wiz_atk_02.wav",60,60,98,102,1,1,5000,,,,800,800,,,,
,"sfx/ice_wiz_atk_03.wav",60,60,98,102,1,1,5000,,,,800,800,,,,
,"sfx/ice_wiz_atk_05.wav",60,60,98,102,1,1,5000,,,,400,400,,,,
,"sfx/ice_wiz_atk_07.wav",60,60,98,102,1,1,5000,,,,400,400,,,,
,"sfx/ice_wiz_atk_08.wav",60,60,98,102,1,1,5000,,,,800,800,,,,
"sound_ice_wizard_projectile_hit","sfx/ice_mage_impact_02.wav",55,55,95,105,1,4,,,,,,,,,,
"sound_ice_wizard_die","sfx/dummy_01.wav",1,1,98,102,1,1,,,,,5000,6000,,,,3000
"sound_xbow_fire_1","sfx/xbow_fire_01.wav",30,35,97,103,1,5,,,,,,,,,,
"sound_xbow_deploy","sfx/xbow_place_02.wav",80,80,98,102,1,3,,,,,,,,,,
"sound_openChest_loop_legendary",,40,40,100,100,1,1,,"true",,,,,,,,
"sound_chest_hit_slot","sfx/chest_land_02.wav",40,40,100,100,1,6,,,,,,,,,,
"sound_royal_giant_deploy","sfx/royal_giant_deploy_01.wav",100,100,100,100,1,2,,,,,,,,,,
"sound_royal_giant_deploy_enemy",,,,,,,,,,,,,,,,,
"sound_royal_giant_steps","sfx/demon_step_01.wav",40,60,95,105,1,2,,,,,,,,,,
"sound_royal_giant_attack_start","sfx/royalgiant_fire_03.wav",95,95,99,101,1,3,,,,,,,,,,
,"sfx/royalgiant_fire_02.wav",95,95,99,101,1,3,,,,,,,,,,
,"sfx/royalgiant_fire_01.wav",95,95,99,101,1,3,,,,,,,,,,
,"sfx/royalgiant_fire_04.wav",95,95,99,101,1,3,,,,,,,,,,
,"sfx/royalgiant_fire_05.wav",95,95,99,101,1,3,,,,,,,,,,
"sound_royal_giant_projectile_fx",,,,,,,,,,,,,,,,,
"sound_royal_giant_projectile_hit","sfx/royal_giant_projectile_hit_01.wav",30,40,95,105,2,2,200,,,,,,,,,
"sound_royal_giant_die",,,,,,,,,,,,,,,,,
"sound_royal_giant_die_enemy",,,,,,,,,,,,,,,,,
"sound_princess_deploy","sfx/p_archer_dep_01.wav",80,80,99,101,1,1,,,,,,,,,,
"sound_princess_deploy_vo","sfx/princess_archer_dep_vo_01.wav",60,60,99,101,1,1,3000,,,,1000,1000,,,,
,"sfx/princess_archer_dep_vo_02.wav",60,60,99,101,1,1,3000,,,,1000,1000,,,,
,"sfx/princess_archer_dep_vo_03.wav",60,60,99,101,1,1,3000,,,,1000,1000,,,,
,"sfx/princess_archer_dep_vo_04.wav",60,60,99,101,1,1,3000,,,,,,,,,
"sound_princess_steps","sfx/flamearch_step_01.wav",15,15,94,106,1,2,,,,,,,,,,
"sound_princess_attack","sfx/p_flame_arrow_03.wav",70,70,97,103,1,2,,,,,,,,,,
"sound_princess_atk_vo","sfx/princess_archer_atk_vo_06.wav",50,50,98,102,1,1,8000,,,,150,150,,,,
,"sfx/dummy_01.wav",1,1,100,100,2,1,,,,,,,,,,
,"sfx/princess_archer_atk_vo_03.wav",50,50,98,102,1,1,8000,,,,150,150,,,,
,"sfx/dummy_01.wav",1,1,100,100,2,1,,,,,,,,,,
"sound_princess_hit_vo","sfx/princess_archer_atk_vo_04.wav",50,50,98,102,1,1,8000,,,,150,150,,,,
,"sfx/dummy_01.wav",1,1,100,100,2,1,,,,,,,,,,
,"sfx/princess_archer_atk_vo_02.wav",50,50,98,102,1,1,8000,,,,150,150,,,,
,"sfx/dummy_01.wav",1,1,100,100,2,1,,,,,,,,,,
"sound_princess_attack_start","sfx/target_01.wav",1,1,97,103,1,3,,,,,,,,,,
"sound_princess_die","sfx/npc_die_02.wav",1,1,97,103,1,5,,,,,,,,,,
"sound_PrincessArrowHitGround","sfx/p_archer_hit_01.wav",55,60,95,105,2,1,,,,,,,,,,
"sound_dark_prince_deploy","sfx/dark_prince_deploy_01.wav",90,90,100,100,1,1,,,,,,,,,,
"sound_dark_prince_deploy_vo","sfx/b_knight_deploy_01.wav",90,90,99,101,2,1,,,,,1000,1000,,,,
,"sfx/b_knight_deploy_02.wav",90,90,99,101,2,1,,,,,1000,1000,,,,
,"sfx/b_knight_deploy_03.wav",90,90,99,101,2,1,,,,,1000,1000,,,,
"sound_dark_prince_death","sfx/dark_prince_death_01.wav",100,100,100,100,1,3,,,,,,,,,,
"sound_dark_prince_deploy_end",,,,,,,,,,,,,,,,,
"sound_dark_prince_steps","sfx/dark_prince_step_01.wav",35,45,92,108,2,4,,,,,,,,,,
"sound_dark_prince_charge_jing","sfx/dark_prince_charge_jing_02.wav",85,85,100,100,1,3,,,,,,,,,,
"sound_dark_prince_charge","sfx/b_knight_atk_charge_02.wav",95,95,99,101,1,1,,,,,200,200,,,,
,"sfx/b_knight_atk_charge_01.wav",95,95,99,101,1,1,,,,,200,200,,,,
"sound_dark_prince_charge_hit","sfx/knighchargehit01.wav",90,90,98,102,1,3,,,,,,,,,,
"sound_dark_prince_attack_start","sfx/dark_prince_atk_01.wav",80,80,98,102,1,3,,,,,200,200,,,,
"sound_dark_prince_attack_start_vo","sfx/b_knight_atk_04.wav",85,85,98,102,1,3,2000,,,,150,150,,,,
,"sfx/b_knight_atk_01.wav",85,85,98,102,1,3,2000,,,,150,150,,,,
,"sfx/b_knight_atk_03.wav",85,80,98,102,1,3,2000,,,,150,150,,,,
,"sfx/b_knight_atk_02.wav",85,85,98,102,1,3,2000,,,,150,150,,,,
"sound_dark_prince_hit","sfx/dark_prince_atk_hit_01.wav",80,80,97,103,1,3,,,,,,,,,,
"sound_GuardShieldDown","sfx/dark_prince_shield_01.wav",100,100,100,100,1,3,,,,,,,,,,
"sound_GuardShieldDown_vo","sfx/dark_prince_shield_lost_01.wav",90,90,98,102,1,3,,,,,,,,,,
"sound_miner_deploy","sfx/miner_dig_down_01.wav",85,85,100,100,1,1,,,,,,,,,,
"sound_miner_deploy_up","sfx/miner_dig_up_01.wav",85,85,100,100,1,1,,,,,,,,,,
"sound_miner_deploy_vo","sfx/miner_up_vo_01.wav",65,70,97,103,1,3,,,,,200,1100,,,,
"sound_miner_steps","sfx/miner_footstep_01.wav",15,25,94,106,2,2,300,,,,,,,,,
"sound_miner_attack_start","sfx/miner_atk_01.wav",55,60,98,102,1,3,,,,,200,200,,,,
"sound_miner_attack_start_vo","sfx/miner_atk_vo_01.wav",40,50,96,104,1,2,,,,,,,,,,
,"sfx/dummy_01.wav",1,1,100,100,2,1,,,,,,,,,,
"sound_miner_hit","sfx/miner_hit_01.wav",40,50,95,105,1,3,200,,,,,,,,,
"sound_miner_die",,,,,,,,,,,,,,,,,
"sound_miner_travel_effect","sfx/miner_dig_loop_01.wav",90,90,100,100,1,1,,"true",,,,,,,,
"sound_skeleton_warrior_deploy","sfx/skele_warrior_dep_02.wav",70,70,98,102,1,3,,,,,,,,,,
"sound_skeleton_warrior_steps","sfx/skele_warrior_step_02.wav",20,25,94,106,2,2,300,,,,,,,,,
"sound_skeleton_warrior_attack_start","sfx/shield_skele_atk_02.wav",45,55,95,105,1,3,200,,,,265,265,,,,
"sound_skeleton_warrior_hit",,,,,,,,,,,,,,,,,
"sound_skeleton_warrior_die",,,,,,,,,,,,,,,,,
"sound_skeleton_warrior_lose_shield","sfx/shield_skele_lost_02.wav",75,80,95,105,1,2,200,,,,,,,,,
"sound_firespirit_attack","sfx/fire_spirit_attack_01.wav",50,55,94,106,1,1,200,,,,,,,,,
"sound_firespirit_die",,,,,,,,,,,,,,,,,
"sound_firespirit_steps_sfx","sfx/fire_spirit_step_sfx_01.wav",25,30,94,106,1,2,300,,,,,,,,,
"sound_firespirit_steps","sfx/fire_spirit_step_vo_01.wav",25,35,94,106,1,1,500,,,,,,,,,
,"sfx/dummy_01.wav",1,1,100,100,2,1,,,,,,,,,,
,"sfx/fire_spirit_step_vo_02.wav",25,35,94,106,1,1,500,,,,,,,,,
,"sfx/dummy_01.wav",1,1,100,100,2,1,,,,,,,,,,
,"sfx/fire_spirit_step_vo_03.wav",20,30,94,106,1,1,500,,,,,,,,,
"sound_firespirit_deploy","sfx/fire_spirit_deploy_01.wav",50,60,96,104,1,3,,,,,,,,,,
,"sfx/fire_spirit_deploy_02.wav",50,60,96,104,1,3,,,,,,,,,,
,"sfx/fire_spirit_deploy_02.wav",50,60,96,104,1,3,,,,,,,,,,
"sound_firespirit_projectile_hit","sfx/sound_fireball_hit_01.wav",45,55,70,80,2,4,,,,,,,,,,
"sound_firespirit_building_spawn","sfx/fire_hut_place_01.wav",80,80,98,102,1,2,,,,,,,,,,
"sound_lava_hound_deploy","sfx/lava_hound_deploy_01.wav",85,85,97,103,1,3,,,,,,,,,,
"sound_lava_hound_deploy_end","sfx/deploy_lava_hound_02.wav",85,85,95,105,1,3,,,,,1100,1100,,,,
"sound_lava_hound_steps","sfx/lava_hound_wing_01.wav",35,45,95,105,2,4,300,,,,100,100,,,,
"sound_lava_hound_start","sfx/laval_hound_atk_02.wav",45,55,95,105,1,2,,,,,150,150,,,,
,"sfx/laval_hound_atk_03.wav",45,55,95,105,1,2,,,,,150,,,,,
"sound_lava_hound_die",,,,,,,,,,,,,,,,,
"sound_lava_hound_projectile_hit","sfx/sound_fireball_hit_01.wav",30,40,80,90,2,4,,,,,,,,,,
"sound_lava_pups_deploy","sfx/lava_pups_appear_01.wav",90,90,98,102,1,1,200,,,,,,,,,
"sound_lava_pups_deploy_end","sfx/lava_hound_deploy_01.wav",1,1,98,102,1,3,,,,,1100,1100,,,,
"sound_lava_pups_steps","sfx/lava_pup_wing_01.wav",35,45,95,105,2,4,300,,,,100,100,,,,
"sound_lava_pups_start","sfx/lava_pup_atk_01.wav",30,40,90,110,1,3,300,,,,150,150,,,,
"sound_lava_pups_die",,,,,,,,,,,,,,,,,
"sound_lava_pups_projectile_hit","sfx/sound_fireball_hit_01.wav",20,30,120,130,2,4,,,,,,,,,,
"sound_spectate_cheer_self_red","sfx/royale_horn_01.wav",60,60,95,105,2,1,,,,,,,,,,
,"sfx/royale_horn_02.wav",60,60,95,105,2,1,,,,,,,,,,
,"sfx/royale_horn_03.wav",60,60,95,105,2,1,,,,,,,,,,
"sound_spectate_cheer_self_blue","sfx/royale_horn_01.wav",60,60,95,105,2,1,,,,,,,,,,
,"sfx/royale_horn_02.wav",60,60,95,105,2,1,,,,,,,,,,
,"sfx/royale_horn_03.wav",60,60,95,105,2,1,,,,,,,,,,
"sound_spectate_cheer_others_red","sfx/royale_horn_01.wav",60,60,95,105,2,1,,,,,,,,,,
,"sfx/royale_horn_02.wav",60,60,95,105,2,1,,,,,,,,,,
,"sfx/royale_horn_03.wav",60,60,95,105,2,1,,,,,,,,,,
"sound_spectate_cheer_others_blue","sfx/royale_horn_01.wav",60,60,95,105,2,1,,,,,,,,,,
,"sfx/royale_horn_02.wav",60,60,95,105,2,1,,,,,,,,,,
,"sfx/royale_horn_03.wav",60,60,95,105,2,1,,,,,,,,,,
"sound_zapmachine_deploy","sfx/zappy_drop_01.wav",80,80,100,100,1,2,,,,,,,,,,
"sound_zapmachine_deploy_end",,,,,,,,,,,,,,,,,
"sound_zapmachine_deploy_enemy","sfx/zappy_drop_01.wav",80,80,100,100,1,2,,,,,,,,,,
"sound_zapmachine_deploy_end_enemy",,,,,,,,,,,,,,,,,
"sound_zapmachine_steps","sfx/zap_machine_run_loop_04.wav",38,38,100,100,2,6,,,,,,,,,,
"sound_zapmachine_load_weapon","sfx/laser_loop_02.wav",25,25,140,140,2,1,,"true",,,,,,,,
"sound_zapmachine_load_1","sfx/zap_machine_charge_06.wav",55,55,100,100,3,1,,,,,,,,,,
"sound_zapmachine_load_2","sfx/zap_machine_charge_06.wav",50,50,119,119,3,1,,,,,,,,,,
"sound_zapmachine_load_3","sfx/zap_machine_charge_06.wav",50,50,141,141,3,1,,,,,,,,,,
"sound_zapmachine_attack","sfx/zappyshot_01.wav",65,65,95,105,2,1,,,,,,,,,,
"sound_zapmachine_projectile_hit","sfx/zap_discarge_03.wav",75,75,95,105,2,1,,,,,,,,,,
"sound_zapmachine_die","sfx/building_destroyed_05.wav",60,60,95,105,2,3,,,,,,,,,,
"sound_zapmachine_die_enemy",,,,,,,,,,,,,,,,,
"sound_bowler_deploy","sfx/bowler_deploy_vo_01.wav",85,85,98,102,1,2,,,,,,,,,,
"sound_bowler_steps","sfx/bowler_step_01v2.wav",40,60,95,105,1,3,,,,,,,,,,
"sound_bowler_steps_vo","sfx/blu_walk_01.wav",65,75,98,102,1,1,3000,,,,,,,,,
,"sfx/dummy_01.wav",1,1,100,100,2,1,2000,,,,,,,,,
,"sfx/blu_walk_03.wav",65,75,98,102,1,1,3000,,,,,,,,,
,"sfx/dummy_01.wav",1,1,100,100,2,1,2000,,,,,,,,,
"sound_bowler_attack_start","sfx/bowl_atk_01.wav",85,85,96,103,1,3,,,,,,,,,,
,"sfx/bowl_atk_02.wav",85,85,96,103,1,3,,,,,350,350,,,,
,"sfx/bowl_atk_05.wav",75,75,92,98,1,3,,,,,,,,,,
,"sfx/bowl_atk_03.wav",85,85,96,103,1,3,,,,,350,350,,,,
,"sfx/bowl_atk_05.wav",75,75,92,98,1,3,,,,,,,,,,
,"sfx/bowl_atk_04.wav",85,85,96,103,1,3,,,,,350,350,,,,
"sound_bowler_hit","sfx/boulder_impact_01.wav",70,70,95,105,1,2,200,,,,,,,,,
"sound_bowler_die",,,,,,,,,,,,,,,,,
"sound_log_deploy","sfx/logroll01.wav",100,100,100,100,1,2,,,,,,,,,,
"sound_log_hit","sfx/log_impact_01.wav",50,60,90,110,1,2,100,,,,,,,,,
"sound_log_roll",,,,,,,,,"true",,,,,,,,
"sound_log_vocal","sfx/log_vocal_01.wav",90,90,100,100,1,1,8000,,,,,,,,,
"sound_icespirit_deploy","sfx/ice_sp_deploy_02.wav",50,60,96,104,1,3,,,,,,,,,,
,"sfx/ice_sp_deploy_01.wav",50,60,96,104,1,3,,,,,,,,,,
"sound_icespirit_steps_sfx","sfx/fire_spirit_step_sfx_01.wav",25,30,94,106,1,2,300,,,,,,,,,
"sound_icespirit_steps","sfx/fire_spirit_step_vo_01.wav",25,35,94,106,1,1,500,,,,,,,,,
,"sfx/dummy_01.wav",1,1,100,100,2,1,,,,,,,,,,
,"sfx/fire_spirit_step_vo_02.wav",25,35,94,106,1,1,500,,,,,,,,,
,"sfx/dummy_01.wav",1,1,100,100,2,1,,,,,,,,,,
,"sfx/fire_spirit_step_vo_03.wav",20,30,94,106,1,1,500,,,,,,,,,
"sound_icespirit_attack","sfx/fire_spirit_attack_01.wav",50,55,94,106,1,1,200,,,,,,,,,
"sound_icespirit_projectile_hit","sfx/ice_mage_impact_02.wav",55,55,95,105,1,4,,,,,,,,,,
"sound_icespirit_die",,,,,,,,,,,,,,,,,
"Tournament_win","sfx/win_tour_01.wav",90,90,100,100,1,1,,,,,,,,,,
"Tournament_loss","sfx/lose_tour_01.wav",90,90,100,100,1,1,,,,,,,,,,
"sound_royal_minion_deploy","sfx/royal_min_dep_01.wav",60,70,98,102,1,1,,,,,,,,,,
"sound_royal_minion_steps","sfx/royal_minion_wing_03.wav",25,30,98,102,1,4,200,,,,150,150,,,,
"sound_royal_minion_attack_start","sfx/royal_min_atk_01.wav",80,80,98,102,1,3,,,,,,,,,,
"sound_royal_minion_attack",,,,,,,,,,,,,,,,,
"sound_royal_minion_die","sfx/npc_die_02.wav",1,1,97,103,1,5,,,,,,,,,,
"sound_inferno_dragon_deploy","sfx/babydragon_deploy_01.wav",80,80,98,102,1,3,,,,,,,,,,
"sound_inferno_dragon_deploy_end","sfx/baby_dragon_deploy_end_11.wav",75,75,98,102,2,1,,,,,1100,1100,,,,
"sound_inferno_dragon_steps","sfx/babydragon_wing_01.wav",30,40,95,105,2,4,300,,,,100,100,,,,
"sound_inferno_dragon_attack_start","sfx/baby_dragon_fireball_08.wav",65,70,98,102,1,3,,,,,150,150,,,,
"sound_inferno_dragon_attack",,,,,,,,,,,,,,,,,
"sound_inferno_dragon_beam_lvl1","sfx/inferno_dragon_fireloop_01.wav",50,50,100,100,1,1,,"true",,,,,,,,
"sound_inferno_dragon_beam_lvl2","sfx/inferno_dragon_fireloop_01.wav",60,60,115,115,1,1,,"true",,,,,,,,
"sound_inferno_dragon_beam_lvl3","sfx/inferno_dragon_fireloop_01.wav",70,70,130,130,1,1,,"true",,,,,,,,
"sound_inferno_dragon_die",,,,,,,,,,,,,,,,,
"sound_graveyard_deploy","sfx/cemetary_deploy_01.wav",70,70,100,100,1,3,,,,,,,,,,
"sound_snowman_deploy","sfx/deploy_ice_golem_01.wav",80,80,98,102,1,3,,,,,,,,,,
"sound_snowman_deploy_end","sfx/dummy_01.wav",1,1,100,100,3,1,,,,,1000,1000,,,,
"sound_snowman_steps","sfx/snowstep_01.wav",25,35,95,105,1,2,,,,,,,,,,
"sound_snowman_attack_start","sfx/ice_golem_atk_01.wav",75,85,98,102,1,2,,,,,360,360,,,,
"sound_snowman_attack",,,,,,,,,,,,,,,,,
"sound_snowman_hit","sfx/dummy_01.wav",1,1,100,100,3,1,,,,,,,,,,
"sound_snowman_die","sfx/dummy_01.wav",1,1,98,102,1,1,,,,,5000,6000,,,,3000
"sound_electro_wizard_deploy","sfx/zap_discarge_03.wav",75,75,130,135,1,1,,,,,300,300,,,,
"sound_electro_wizard_deploy_vo","sfx/electro_wiz_deploy_01.wav",65,65,98,102,1,1,3000,,,,,,,,,
"sound_electro_wizard_steps","sfx/tesla_zap_01.wav",10,13,155,165,1,4,150,,,,,,,,,
"sound_electro_wizard_attack_start","sfx/zap_02.wav",40,45,85,92,1,5,,,,,,,,,,
"sound_electro_wizard_attack_vo","sfx/electro_wiz_atk_01.wav",55,60,98,102,1,1,4000,,,,,,,,,
,"sfx/electro_wiz_atk_02.wav",55,60,98,102,1,1,4000,,,,,,,,,
,"sfx/electro_wiz_atk_03.wav",55,60,98,102,1,1,4000,,,,100,100,,,,
,"sfx/electro_wiz_atk_04.wav",55,60,98,102,1,1,4000,,,,300,300,,,,
,"sfx/electro_wiz_atk_05.wav",55,60,98,102,1,1,4000,,,,400,400,,,,
"sound_electro_wizard_beam","sfx/dummy_01.wav",1,1,98,102,1,1,,,,,,,,,,
"sound_electro_wizard_hit","sfx/tesla_zap_01.wav",35,40,85,92,1,4,,,,,,,,,,
"sound_electro_wizard_die","sfx/dummy_01.wav",1,1,98,102,1,1,,,,,5000,6000,,,,3000
"sound_tornado","sfx/royale_tornado_01.wav",85,85,75,78,1,3,,,,,,,,,,
"sound_clone_spell","sfx/clone_spell_01.wav",80,80,100,100,1,3,,,,,,,,,,
"sound_angry_barbarian_deploy","sfx/elite_barbs_deploy_01.wav",85,85,100,100,1,1,,,,,,,,,,
"sound_blowdart_goblin_atk_start","sfx/blowdart_goblin_atk_02.wav",80,80,98,102,1,3,,,,,510,510,,,,
"sound_blowdart_gob_jump","sfx/blowdart_gob_jump_01.wav",50,55,97,103,1,3,,,,,300,300,,,,
"sound_blowdart_gob_steps","sfx/gob_step_01_v5.wav",20,25,88,94,1,3,50,,,,,,,,,
"sound_blowdart_goblin_deploy","sfx/blowdart_deploy_01.wav",90,90,98,102,1,3,,,,,,,,,,
"sound_blowdart_hit","sfx/blowdart_hit_01.wav",30,35,97,103,1,3,,,,,,,,,,
"tcc_sound_cards_appear","sfx/get_crown_03.wav",60,60,100,100,1,1,,,,,,,,,,
"tcc_sound_select_card","sfx/claim_achievement_01.wav",60,60,133,133,1,3,,,,,,,,,,
"tcc_card_fly_away","sfx/tex_whoosh_02.wav",30,30,133,133,1,3,,,,,,,,,,
"tcc_card_fly_away_2","sfx/board_slide_in_01.wav",75,75,75,75,1,3,,,,,,,,,,
"tcc_count_down","sfx/tut_count_01.wav",20,20,100,100,1,3,,,,,,,,,,
"tcc_hidden_card_appear","sfx/get_xp_01.wav",30,30,133,133,1,3,,,,,,,,,,
"sound_battleram_deploy","sfx/battleram_deploy_01.wav",70,70,98,102,1,3,,,,,300,300,,,,
"sound_battleram_charge","sfx/battleram_charge_01.wav",75,75,98,102,1,3,,,,,,,,,,
"sound_battle_ram_hit","sfx/prince_charge_hit_01.wav",80,80,70,80,1,3,,,,,,,,,,
"sound_get_chest_show_cards","sfx/get_chest_card_overview_01.wav",80,80,100,100,1,3,,,,,100,100,,,,
"sound_count_gold","sfx/count_gold_01.wav",30,30,100,100,1,8,,,,,40,40,,,,
"sound_count_gems","sfx/count_gems_01.wav",30,30,100,100,1,8,,,,,40,40,,,,
"sound_count_cards","sfx/count_cards_01.wav",20,20,100,100,1,8,,,,,40,40,,,,
"sound_end_show_cards","sfx/end_card_count_01.wav",80,80,95,105,1,8,,,,,,,,,,
"sound_hunter_attack_start","sfx/musketeer_reload_01.wav",60,60,97,103,1,3,,,,,,,,,,
,,60,60,97,103,,3,,,,,200,,,,,
"sound_hunter_attack","sfx/musket_fire_02.wav",65,75,94,106,2,4,,,,,,,,,,
"water_splash","sfx/water_splash_02.wav",40,40,98,102,1,3,,,,,,,,,,
"sound_offer_bought","sfx/shop_offer_bought_01.wav",100,100,100,100,1,3,,,,,,,,,,
"sound_bat_deploy","sfx/bat_deploy_01.wav",55,55,100,100,1,1,500,,,,,,,,,
"sound_dark_witch_deploy_bat","sfx/bat_deploy_01.wav",65,65,100,100,1,1,500,,,,,,,,,
"sound_bat_steps","sfx/bat_fly_01.wav",13,18,95,105,2,5,100,,,,,,,,,
"sound_bat_attack_start","sfx/bat_atk_01.wav",30,35,97,103,1,2,,,,,,,,,,
"sound_bat_hit","sfx/footman_attack_hit_01.wav",10,20,96,104,2,3,,,,,,,,,,
"sound_bat_die","sfx/npc_die_02.wav",1,1,97,103,1,5,,,,,,,,,,
"sound_assassin_deploy","sfx/bandit_deploy_01.wav",60,60,98,102,1,1,,,,,,,,,,
"sound_assassin_steps","sfx/bandit_step_01.wav",8,12,95,105,2,4,120,,,,,,,,,
"sound_assassin_attack_start","sfx/bandit_atk_vo_02.wav",35,45,97,103,1,3,,,,,300,300,,,,
,"sfx/bandit_atk_vo_01.wav",35,45,97,103,1,3,,,,,300,300,,,,
"sound_assassin_charge","sfx/bandit_sneaky_laugh_05.wav",40,40,98,102,1,3,,,,,,,,,,
"sound_assassin_dashing","sfx/bandit_dash_03.wav",80,80,98,102,1,3,,,,,,,,,,
"sound_assassin_dash_end","sfx/p_archer_hit_01.wav",1,1,95,105,2,1,,,,,,,,,,
"sound_assassin_hit","sfx/bandit_bat_hit_01.wav",80,85,94,106,2,4,,,,,,,,,,
"sound_assassin_hit_special","sfx/bandit_slam_01.wav",90,90,95,105,1,3,,,,,,,,,,
"sound_assassin_die","sfx/npc_die_02.wav",1,1,97,103,1,5,,,,,,,,,,
"sound_dark_witch_deploy","sfx/dw_deploy_01.wav",70,70,100,100,1,3,,,,,,,,,,
"sound_dark_witch_steps","sfx/witch_step_01.wav",10,20,94,106,2,2,500,,,,,,,,,
"sound_dark_witch_attack_start","sfx/dw_atk_01.wav",60,60,92,96,1,3,,,,,400,400,,,,
"sound_dark_witch_hit","sfx/night_witch_impact_01.wav",40,50,98,102,1,3,,,,,,,,,,
"sound_dark_witch_die","sfx/npc_die_02.wav",1,1,97,103,1,5,,,,,,,,,,
"sound_heal_spell","sfx/heal_magic_03.wav",65,65,100,100,1,3,,,,,,,,,,
"sound_challenge_one_time_appear","sfx/get_crown_03.wav",60,60,100,100,1,1,,,,,,,,,,
"sound_challenge_progress_tick","sfx/progress_fill_01.wav",30,30,100,100,1,1,500,,,,40,40,,,,
"sound_unlockSkin_start","sfx/upgrade_card_01.wav",80,80,100,100,1,5,,,,,,,,,,
"sound_unlockSkin_ready","sfx/card_upgrade_hit_01.wav",60,60,100,100,1,5,,,,,,,,,,
"sound_2v2_matchmake_1","sfx/2v2_matchmake_01.wav",70,70,100,100,1,6,,,,,,,,,,
"sound_2v2_matchmake_2","sfx/2v2_matchmake_02.wav",70,70,100,100,1,6,,,,,,,,,,
"sound_2v2_matchmake_3","sfx/2v2_matchmake_03.wav",70,70,100,100,1,6,,,,,,,,,,
"sound_2v2_matchmake_4","sfx/2v2_matchmake_04.wav",70,70,100,100,1,6,,,,,,,,,,
"sound_mega_knight_deploy","sfx/megaknight_dep_sfx_01.wav",60,60,98,102,1,1,,,,,,,,,,
"sound_mega_knight_steps","sfx/knight_footstep_01.wav",55,50,85,95,1,2,120,,,,,,,,,
,"sfx/knight_footstep_02.wav",55,50,85,95,1,2,,,,,,,,,,
,"sfx/knight_footstep_03.wav",55,50,85,95,1,2,,,,,,,,,,
,"sfx/knight_footstep_04.wav",55,50,85,95,1,2,,,,,,,,,,
"sound_mega_knight_attack_start","sfx/megaknight_atk_01.wav",60,70,95,105,1,3,,,,,500,500,,,,
,"sfx/megaknight_atk_02.wav",60,70,95,105,1,3,,,,,500,500,,,,
,"sfx/megaknight_atk_03.wav",60,70,95,105,1,3,,,,,500,500,,,,
"sound_mega_knight_charge","sfx/megaknight_prep_01.wav",70,70,98,102,1,3,,,,,,,,,,
"sound_mega_knight_dashing","sfx/megaknight_jump_01.wav",90,90,98,102,1,3,,,,,,,,,,
"sound_mega_knight_dash_end","sfx/megaknight_big_hit_01.wav",85,85,95,105,1,2,,,,,,,,,,
"sound_mega_knight_hit","sfx/megaknight_hit_01.wav",70,80,94,106,1,4,,,,,,,,,,
"sound_mega_knight_hit_special","sfx/prince_charge_hit_01.wav",90,90,95,105,1,3,,,,,,,,,,
"sound_mega_knight_die","sfx/npc_die_02.wav",1,1,97,103,1,5,,,,,,,,,,
"sound_moving_cannon_deploy","sfx/rolling_cannon_deploy_01.wav",70,70,98,102,1,3,,,,,,,,,,
"sound_moving_cannon_steps","sfx/rolling_cannon_step_01.wav",10,20,98,102,2,8,250,,,,,,,,,
"sound_moving_cannon_attack_start","sfx/cannon_fire_03.wav",35,45,96,104,1,3,,,,,400,400,,,,
"sound_moving_cannon_hit","sfx/skeleton_bomb_explo_01.wav",55,65,110,115,1,3,,,,,,,,,,
"sound_moving_cannon_die","sfx/npc_die_02.wav",1,1,97,103,1,5,,,,,,,,,,
"sound_broken_cannon_deploy","sfx/barrel_explosion_02.wav",65,70,95,105,1,1,,,,,,,,,,
"sound_broken_cannon_attack_start","sfx/cannon_fire_03.wav",35,45,96,104,1,3,,,,,400,400,,,,
"sound_broken_cannon_hit","sfx/skeleton_bomb_explo_01.wav",55,65,110,115,1,3,,,,,,,,,,
"sound_broken_cannon_die","sfx/npc_die_02.wav",70,70,97,103,1,5,,,,,,,,,,
"sound_skeleton_balloon_deploy","sfx/deploy_balloon_06.wav",90,90,115,120,1,2,,,,,,,,,,
"sound_skeleton_balloon_steps","sfx/balloon_fly_loop_01.wav",55,55,98,102,2,2,,"TRUE",,,,,,,,
"sound_skeleton_balloon_attack_start","sfx/drop_bomb_03.wav",70,70,100,100,1,3,,,,,,,,,,
"sound_skeleton_balloon_hit","sfx/boulder_impact_01.wav",80,90,95,105,1,2,,,,,,,,,,
"sound_skeleton_balloon_pop1","sfx/skeleballoon_pop_01.wav",70,70,95,105,1,5,,,,,,,,,,
"sound_skeleton_balloon_pop2","sfx/skeleballoon_pop_01.wav",90,90,110,120,1,5,,,,,,,,,,
"sound_skeleton_balloon_die","sfx/skeleballoon_pop_03.wav",90,90,98,102,1,5,,,,,,,,,,
"sound_skeleton_container_explosion","sfx/barrel_explosion_02.wav",65,70,95,105,1,1,,,,,,,,,,
"sound_flying_machine_deploy","sfx/cannon_deploy_01.wav",70,70,70,75,1,3,,,,,,,,,,
"sound_flying_machine_steps","sfx/flying_machine_loop_01.wav",20,20,100,100,1,3,,"TRUE",,,,,,,,
"sound_flying_machine_attack","sfx/musket_fire_02.wav",80,80,70,75,1,4,,,,,,,,,,
"sound_flying_machine_attack_start",,,,,,,,,,,,,,,,,
"sound_flying_machine_hit","sfx/musket_impact_01.wav",30,40,65,70,2,3,,,,,,,,,,
"sound_flying_machine_die",,,,,,,,,,,,,,,,,
"Card_bonus_1","sfx/bonus_1.wav",60,60,100,100,1,3,,,,,,,,,,
"Card_bonus_2","sfx/bonus_2.wav",70,70,100,100,1,3,,,,,,,,,,
"Card_bonus_3","sfx/bonus_3.wav",80,80,100,100,1,3,,,,,,,,,,
"Card_bonus_4","sfx/bonus_4.wav",90,90,100,100,1,3,,,,,,,,,,
"Card_bonus_reveal","sfx/get_bonus_card_01.wav",70,70,100,100,1,3,,,,,,,,,,
